Command line invocation:
    /Applications/Xcode.app/Contents/Developer/usr/bin/xcodebuild -project /Users/mac/Downloads/Launchpad_Back/Launchpad_Back.xcodeproj -scheme Launchpad_Back -configuration Release build

2026-07-25 21:24:45.887 xcodebuild[38778:12062122] [MT] IDERunDestination: Supported platforms for the buildables in the current scheme is empty.
--- xcodebuild: WARNING: Using the first of multiple matching destinations:
{ platform:macOS, arch:arm64, id:00008122-001D481A017A001C, name:My Mac }
{ platform:macOS, arch:x86_64, id:00008122-001D481A017A001C, name:My Mac }
{ platform:macOS, name:Any Mac }
ComputePackagePrebuildTargetDependencyGraph

Prepare packages

CreateBuildRequest

SendProjectDescription

CreateBuildOperation

ComputeTargetDependencyGraph
note: Building targets in dependency order
note: Target dependency graph (1 target)
    Target 'Launchpad_Back' in project 'Launchpad_Back' (no dependencies)

GatherProvisioningInputs

CreateBuildDescription

ExecuteExternalTool /Applications/Xcode.app/Contents/Developer/Toolchains/XcodeDefault.xctoolchain/usr/bin/clang -v -E -dM -isysroot /Applications/Xcode.app/Contents/Developer/Platforms/MacOSX.platform/Developer/SDKs/MacOSX26.5.sdk -x c -c /dev/null

ExecuteExternalTool /Applications/Xcode.app/Contents/Developer/usr/bin/actool --version --output-format xml1

ExecuteExternalTool /Applications/Xcode.app/Contents/Developer/Toolchains/XcodeDefault.xctoolchain/usr/bin/swiftc --version

ExecuteExternalTool /Applications/Xcode.app/Contents/Developer/Toolchains/XcodeDefault.xctoolchain/usr/bin/ld -version_details

Build description signature: 4269061ab75e64d54a4e11be6d45811e
Build description path: /Users/mac/Library/Developer/Xcode/DerivedData/Launchpad_Back-beilzzhljvfrasdrlnvmjuxllbdr/Build/Intermediates.noindex/XCBuildData/4269061ab75e64d54a4e11be6d45811e.xcbuilddata
CreateBuildDirectory /Users/mac/Library/Developer/Xcode/DerivedData/Launchpad_Back-beilzzhljvfrasdrlnvmjuxllbdr/Build/Intermediates.noindex/EagerLinkingTBDs/Release
    cd /Users/mac/Downloads/Launchpad_Back/Launchpad_Back.xcodeproj
    builtin-create-build-directory /Users/mac/Library/Developer/Xcode/DerivedData/Launchpad_Back-beilzzhljvfrasdrlnvmjuxllbdr/Build/Intermediates.noindex/EagerLinkingTBDs/Release

ClangStatCache /Applications/Xcode.app/Contents/Developer/Toolchains/XcodeDefault.xctoolchain/usr/bin/clang-stat-cache /Applications/Xcode.app/Contents/Developer/Platforms/MacOSX.platform/Developer/SDKs/MacOSX26.5.sdk /Users/mac/Library/Developer/Xcode/DerivedData/SDKStatCaches.noindex/macosx26.5-25F70-688ef53f1462e2c8f657fdc38a81448fe082c4a02f00227109f4ed75e425c832.sdkstatcache
    cd /Users/mac/Downloads/Launchpad_Back/Launchpad_Back.xcodeproj
    /Applications/Xcode.app/Contents/Developer/Toolchains/XcodeDefault.xctoolchain/usr/bin/clang-stat-cache /Applications/Xcode.app/Contents/Developer/Platforms/MacOSX.platform/Developer/SDKs/MacOSX26.5.sdk -o /Users/mac/Library/Developer/Xcode/DerivedData/SDKStatCaches.noindex/macosx26.5-25F70-688ef53f1462e2c8f657fdc38a81448fe082c4a02f00227109f4ed75e425c832.sdkstatcache

CreateBuildDirectory /Users/mac/Library/Developer/Xcode/DerivedData/Launchpad_Back-beilzzhljvfrasdrlnvmjuxllbdr/Build/Products/Release
    cd /Users/mac/Downloads/Launchpad_Back/Launchpad_Back.xcodeproj
    builtin-create-build-directory /Users/mac/Library/Developer/Xcode/DerivedData/Launchpad_Back-beilzzhljvfrasdrlnvmjuxllbdr/Build/Products/Release

WriteAuxiliaryFile /Users/mac/Library/Developer/Xcode/DerivedData/Launchpad_Back-beilzzhljvfrasdrlnvmjuxllbdr/Build/Intermediates.noindex/Launchpad_Back.build/Release/Launchpad_Back-f70dbaf009e52fb0e32b378f92438c3c-VFS/all-product-headers.yaml
    cd /Users/mac/Downloads/Launchpad_Back/Launchpad_Back.xcodeproj
    write-file /Users/mac/Library/Developer/Xcode/DerivedData/Launchpad_Back-beilzzhljvfrasdrlnvmjuxllbdr/Build/Intermediates.noindex/Launchpad_Back.build/Release/Launchpad_Back-f70dbaf009e52fb0e32b378f92438c3c-VFS/all-product-headers.yaml

WriteAuxiliaryFile /Users/mac/Library/Developer/Xcode/DerivedData/Launchpad_Back-beilzzhljvfrasdrlnvmjuxllbdr/Build/Intermediates.noindex/Launchpad_Back.build/Release/Launchpad_Back.build/empty-Launchpad_Back.plist (in target 'Launchpad_Back' from project 'Launchpad_Back')
    cd /Users/mac/Downloads/Launchpad_Back
    write-file /Users/mac/Library/Developer/Xcode/DerivedData/Launchpad_Back-beilzzhljvfrasdrlnvmjuxllbdr/Build/Intermediates.noindex/Launchpad_Back.build/Release/Launchpad_Back.build/empty-Launchpad_Back.plist

WriteAuxiliaryFile /Users/mac/Library/Developer/Xcode/DerivedData/Launchpad_Back-beilzzhljvfrasdrlnvmjuxllbdr/Build/Intermediates.noindex/Launchpad_Back.build/Release/Launchpad_Back.build/Launchpad_Back.hmap (in target 'Launchpad_Back' from project 'Launchpad_Back')
    cd /Users/mac/Downloads/Launchpad_Back
    write-file /Users/mac/Library/Developer/Xcode/DerivedData/Launchpad_Back-beilzzhljvfrasdrlnvmjuxllbdr/Build/Intermediates.noindex/Launchpad_Back.build/Release/Launchpad_Back.build/Launchpad_Back.hmap

WriteAuxiliaryFile /Users/mac/Library/Developer/Xcode/DerivedData/Launchpad_Back-beilzzhljvfrasdrlnvmjuxllbdr/Build/Intermediates.noindex/Launchpad_Back.build/Release/Launchpad_Back.build/Objects-normal/arm64/Launchpad_Back.SwiftConstValuesFileList (in target 'Launchpad_Back' from project 'Launchpad_Back')
    cd /Users/mac/Downloads/Launchpad_Back
    write-file /Users/mac/Library/Developer/Xcode/DerivedData/Launchpad_Back-beilzzhljvfrasdrlnvmjuxllbdr/Build/Intermediates.noindex/Launchpad_Back.build/Release/Launchpad_Back.build/Objects-normal/arm64/Launchpad_Back.SwiftConstValuesFileList

WriteAuxiliaryFile /Users/mac/Library/Developer/Xcode/DerivedData/Launchpad_Back-beilzzhljvfrasdrlnvmjuxllbdr/Build/Intermediates.noindex/Launchpad_Back.build/Release/Launchpad_Back.build/Objects-normal/arm64/Launchpad_Back.LinkFileList (in target 'Launchpad_Back' from project 'Launchpad_Back')
    cd /Users/mac/Downloads/Launchpad_Back
    write-file /Users/mac/Library/Developer/Xcode/DerivedData/Launchpad_Back-beilzzhljvfrasdrlnvmjuxllbdr/Build/Intermediates.noindex/Launchpad_Back.build/Release/Launchpad_Back.build/Objects-normal/arm64/Launchpad_Back.LinkFileList

WriteAuxiliaryFile /Users/mac/Library/Developer/Xcode/DerivedData/Launchpad_Back-beilzzhljvfrasdrlnvmjuxllbdr/Build/Intermediates.noindex/Launchpad_Back.build/Release/Launchpad_Back.build/Objects-normal/arm64/Launchpad_Back-OutputFileMap.json (in target 'Launchpad_Back' from project 'Launchpad_Back')
    cd /Users/mac/Downloads/Launchpad_Back
    write-file /Users/mac/Library/Developer/Xcode/DerivedData/Launchpad_Back-beilzzhljvfrasdrlnvmjuxllbdr/Build/Intermediates.noindex/Launchpad_Back.build/Release/Launchpad_Back.build/Objects-normal/arm64/Launchpad_Back-OutputFileMap.json

WriteAuxiliaryFile /Users/mac/Library/Developer/Xcode/DerivedData/Launchpad_Back-beilzzhljvfrasdrlnvmjuxllbdr/Build/Intermediates.noindex/Launchpad_Back.build/Release/Launchpad_Back.build/Objects-normal/arm64/Launchpad_Back_const_extract_protocols.json (in target 'Launchpad_Back' from project 'Launchpad_Back')
    cd /Users/mac/Downloads/Launchpad_Back
    write-file /Users/mac/Library/Developer/Xcode/DerivedData/Launchpad_Back-beilzzhljvfrasdrlnvmjuxllbdr/Build/Intermediates.noindex/Launchpad_Back.build/Release/Launchpad_Back.build/Objects-normal/arm64/Launchpad_Back_const_extract_protocols.json

WriteAuxiliaryFile /Users/mac/Library/Developer/Xcode/DerivedData/Launchpad_Back-beilzzhljvfrasdrlnvmjuxllbdr/Build/Intermediates.noindex/Launchpad_Back.build/Release/Launchpad_Back.build/Objects-normal/arm64/Launchpad_Back.SwiftFileList (in target 'Launchpad_Back' from project 'Launchpad_Back')
    cd /Users/mac/Downloads/Launchpad_Back
    write-file /Users/mac/Library/Developer/Xcode/DerivedData/Launchpad_Back-beilzzhljvfrasdrlnvmjuxllbdr/Build/Intermediates.noindex/Launchpad_Back.build/Release/Launchpad_Back.build/Objects-normal/arm64/Launchpad_Back.SwiftFileList

WriteAuxiliaryFile /Users/mac/Library/Developer/Xcode/DerivedData/Launchpad_Back-beilzzhljvfrasdrlnvmjuxllbdr/Build/Intermediates.noindex/Launchpad_Back.build/Release/Launchpad_Back.build/Launchpad_Back.DependencyStaticMetadataFileList (in target 'Launchpad_Back' from project 'Launchpad_Back')
    cd /Users/mac/Downloads/Launchpad_Back
    write-file /Users/mac/Library/Developer/Xcode/DerivedData/Launchpad_Back-beilzzhljvfrasdrlnvmjuxllbdr/Build/Intermediates.noindex/Launchpad_Back.build/Release/Launchpad_Back.build/Launchpad_Back.DependencyStaticMetadataFileList

WriteAuxiliaryFile /Users/mac/Library/Developer/Xcode/DerivedData/Launchpad_Back-beilzzhljvfrasdrlnvmjuxllbdr/Build/Intermediates.noindex/Launchpad_Back.build/Release/Launchpad_Back.build/Launchpad_Back.DependencyMetadataFileList (in target 'Launchpad_Back' from project 'Launchpad_Back')
    cd /Users/mac/Downloads/Launchpad_Back
    write-file /Users/mac/Library/Developer/Xcode/DerivedData/Launchpad_Back-beilzzhljvfrasdrlnvmjuxllbdr/Build/Intermediates.noindex/Launchpad_Back.build/Release/Launchpad_Back.build/Launchpad_Back.DependencyMetadataFileList

WriteAuxiliaryFile /Users/mac/Library/Developer/Xcode/DerivedData/Launchpad_Back-beilzzhljvfrasdrlnvmjuxllbdr/Build/Intermediates.noindex/Launchpad_Back.build/Release/Launchpad_Back.build/Launchpad_Back-project-headers.hmap (in target 'Launchpad_Back' from project 'Launchpad_Back')
    cd /Users/mac/Downloads/Launchpad_Back
    write-file /Users/mac/Library/Developer/Xcode/DerivedData/Launchpad_Back-beilzzhljvfrasdrlnvmjuxllbdr/Build/Intermediates.noindex/Launchpad_Back.build/Release/Launchpad_Back.build/Launchpad_Back-project-headers.hmap

WriteAuxiliaryFile /Users/mac/Library/Developer/Xcode/DerivedData/Launchpad_Back-beilzzhljvfrasdrlnvmjuxllbdr/Build/Intermediates.noindex/Launchpad_Back.build/Release/Launchpad_Back.build/Launchpad_Back-own-target-headers.hmap (in target 'Launchpad_Back' from project 'Launchpad_Back')
    cd /Users/mac/Downloads/Launchpad_Back
    write-file /Users/mac/Library/Developer/Xcode/DerivedData/Launchpad_Back-beilzzhljvfrasdrlnvmjuxllbdr/Build/Intermediates.noindex/Launchpad_Back.build/Release/Launchpad_Back.build/Launchpad_Back-own-target-headers.hmap

WriteAuxiliaryFile /Users/mac/Library/Developer/Xcode/DerivedData/Launchpad_Back-beilzzhljvfrasdrlnvmjuxllbdr/Build/Intermediates.noindex/Launchpad_Back.build/Release/Launchpad_Back.build/Launchpad_Back-generated-files.hmap (in target 'Launchpad_Back' from project 'Launchpad_Back')
    cd /Users/mac/Downloads/Launchpad_Back
    write-file /Users/mac/Library/Developer/Xcode/DerivedData/Launchpad_Back-beilzzhljvfrasdrlnvmjuxllbdr/Build/Intermediates.noindex/Launchpad_Back.build/Release/Launchpad_Back.build/Launchpad_Back-generated-files.hmap

WriteAuxiliaryFile /Users/mac/Library/Developer/Xcode/DerivedData/Launchpad_Back-beilzzhljvfrasdrlnvmjuxllbdr/Build/Intermediates.noindex/Launchpad_Back.build/Release/Launchpad_Back.build/Launchpad_Back-all-target-headers.hmap (in target 'Launchpad_Back' from project 'Launchpad_Back')
    cd /Users/mac/Downloads/Launchpad_Back
    write-file /Users/mac/Library/Developer/Xcode/DerivedData/Launchpad_Back-beilzzhljvfrasdrlnvmjuxllbdr/Build/Intermediates.noindex/Launchpad_Back.build/Release/Launchpad_Back.build/Launchpad_Back-all-target-headers.hmap

WriteAuxiliaryFile /Users/mac/Library/Developer/Xcode/DerivedData/Launchpad_Back-beilzzhljvfrasdrlnvmjuxllbdr/Build/Intermediates.noindex/Launchpad_Back.build/Release/Launchpad_Back.build/Launchpad_Back-all-non-framework-target-headers.hmap (in target 'Launchpad_Back' from project 'Launchpad_Back')
    cd /Users/mac/Downloads/Launchpad_Back
    write-file /Users/mac/Library/Developer/Xcode/DerivedData/Launchpad_Back-beilzzhljvfrasdrlnvmjuxllbdr/Build/Intermediates.noindex/Launchpad_Back.build/Release/Launchpad_Back.build/Launchpad_Back-all-non-framework-target-headers.hmap

WriteAuxiliaryFile /Users/mac/Library/Developer/Xcode/DerivedData/Launchpad_Back-beilzzhljvfrasdrlnvmjuxllbdr/Build/Intermediates.noindex/Launchpad_Back.build/Release/Launchpad_Back.build/DerivedSources/Entitlements.plist (in target 'Launchpad_Back' from project 'Launchpad_Back')
    cd /Users/mac/Downloads/Launchpad_Back
    write-file /Users/mac/Library/Developer/Xcode/DerivedData/Launchpad_Back-beilzzhljvfrasdrlnvmjuxllbdr/Build/Intermediates.noindex/Launchpad_Back.build/Release/Launchpad_Back.build/DerivedSources/Entitlements.plist

MkDir /Users/mac/Library/Developer/Xcode/DerivedData/Launchpad_Back-beilzzhljvfrasdrlnvmjuxllbdr/Build/Products/Release/Launchpad_Back.app/Contents/Resources (in target 'Launchpad_Back' from project 'Launchpad_Back')
    cd /Users/mac/Downloads/Launchpad_Back
    /bin/mkdir -p /Users/mac/Library/Developer/Xcode/DerivedData/Launchpad_Back-beilzzhljvfrasdrlnvmjuxllbdr/Build/Products/Release/Launchpad_Back.app/Contents/Resources

MkDir /Users/mac/Library/Developer/Xcode/DerivedData/Launchpad_Back-beilzzhljvfrasdrlnvmjuxllbdr/Build/Products/Release/Launchpad_Back.app/Contents/MacOS (in target 'Launchpad_Back' from project 'Launchpad_Back')
    cd /Users/mac/Downloads/Launchpad_Back
    /bin/mkdir -p /Users/mac/Library/Developer/Xcode/DerivedData/Launchpad_Back-beilzzhljvfrasdrlnvmjuxllbdr/Build/Products/Release/Launchpad_Back.app/Contents/MacOS

MkDir /Users/mac/Library/Developer/Xcode/DerivedData/Launchpad_Back-beilzzhljvfrasdrlnvmjuxllbdr/Build/Products/Release/Launchpad_Back.app/Contents (in target 'Launchpad_Back' from project 'Launchpad_Back')
    cd /Users/mac/Downloads/Launchpad_Back
    /bin/mkdir -p /Users/mac/Library/Developer/Xcode/DerivedData/Launchpad_Back-beilzzhljvfrasdrlnvmjuxllbdr/Build/Products/Release/Launchpad_Back.app/Contents

MkDir /Users/mac/Library/Developer/Xcode/DerivedData/Launchpad_Back-beilzzhljvfrasdrlnvmjuxllbdr/Build/Products/Release/Launchpad_Back.app (in target 'Launchpad_Back' from project 'Launchpad_Back')
    cd /Users/mac/Downloads/Launchpad_Back
    /bin/mkdir -p /Users/mac/Library/Developer/Xcode/DerivedData/Launchpad_Back-beilzzhljvfrasdrlnvmjuxllbdr/Build/Products/Release/Launchpad_Back.app

ProcessProductPackaging "" /Users/mac/Library/Developer/Xcode/DerivedData/Launchpad_Back-beilzzhljvfrasdrlnvmjuxllbdr/Build/Intermediates.noindex/Launchpad_Back.build/Release/Launchpad_Back.build/Launchpad_Back.app.xcent (in target 'Launchpad_Back' from project 'Launchpad_Back')
    cd /Users/mac/Downloads/Launchpad_Back
    
    Entitlements:
    
    {
    "com.apple.security.app-sandbox" = 1;
    "com.apple.security.files.user-selected.read-only" = 1;
    "com.apple.security.get-task-allow" = 1;
}
    
    builtin-productPackagingUtility -entitlements -format xml -o /Users/mac/Library/Developer/Xcode/DerivedData/Launchpad_Back-beilzzhljvfrasdrlnvmjuxllbdr/Build/Intermediates.noindex/Launchpad_Back.build/Release/Launchpad_Back.build/Launchpad_Back.app.xcent

ProcessProductPackagingDER /Users/mac/Library/Developer/Xcode/DerivedData/Launchpad_Back-beilzzhljvfrasdrlnvmjuxllbdr/Build/Intermediates.noindex/Launchpad_Back.build/Release/Launchpad_Back.build/Launchpad_Back.app.xcent /Users/mac/Library/Developer/Xcode/DerivedData/Launchpad_Back-beilzzhljvfrasdrlnvmjuxllbdr/Build/Intermediates.noindex/Launchpad_Back.build/Release/Launchpad_Back.build/Launchpad_Back.app.xcent.der (in target 'Launchpad_Back' from project 'Launchpad_Back')
    cd /Users/mac/Downloads/Launchpad_Back
    /usr/bin/derq query -f xml -i /Users/mac/Library/Developer/Xcode/DerivedData/Launchpad_Back-beilzzhljvfrasdrlnvmjuxllbdr/Build/Intermediates.noindex/Launchpad_Back.build/Release/Launchpad_Back.build/Launchpad_Back.app.xcent -o /Users/mac/Library/Developer/Xcode/DerivedData/Launchpad_Back-beilzzhljvfrasdrlnvmjuxllbdr/Build/Intermediates.noindex/Launchpad_Back.build/Release/Launchpad_Back.build/Launchpad_Back.app.xcent.der --raw

MkDir /Users/mac/Library/Developer/Xcode/DerivedData/Launchpad_Back-beilzzhljvfrasdrlnvmjuxllbdr/Build/Intermediates.noindex/Launchpad_Back.build/Release/Launchpad_Back.build/assetcatalog_output/thinned (in target 'Launchpad_Back' from project 'Launchpad_Back')
    cd /Users/mac/Downloads/Launchpad_Back
    /bin/mkdir -p /Users/mac/Library/Developer/Xcode/DerivedData/Launchpad_Back-beilzzhljvfrasdrlnvmjuxllbdr/Build/Intermediates.noindex/Launchpad_Back.build/Release/Launchpad_Back.build/assetcatalog_output/thinned

MkDir /Users/mac/Library/Developer/Xcode/DerivedData/Launchpad_Back-beilzzhljvfrasdrlnvmjuxllbdr/Build/Intermediates.noindex/Launchpad_Back.build/Release/Launchpad_Back.build/assetcatalog_output/unthinned (in target 'Launchpad_Back' from project 'Launchpad_Back')
    cd /Users/mac/Downloads/Launchpad_Back
    /bin/mkdir -p /Users/mac/Library/Developer/Xcode/DerivedData/Launchpad_Back-beilzzhljvfrasdrlnvmjuxllbdr/Build/Intermediates.noindex/Launchpad_Back.build/Release/Launchpad_Back.build/assetcatalog_output/unthinned

CpResource /Users/mac/Library/Developer/Xcode/DerivedData/Launchpad_Back-beilzzhljvfrasdrlnvmjuxllbdr/Build/Products/Release/Launchpad_Back.app/Contents/Resources/icon.json /Users/mac/Downloads/Launchpad_Back/Launchpad_Back/LaunchpadIconComposerAssets/icon.json (in target 'Launchpad_Back' from project 'Launchpad_Back')
    cd /Users/mac/Downloads/Launchpad_Back
    builtin-copy -exclude .DS_Store -exclude CVS -exclude .svn -exclude .git -exclude .hg -resolve-src-symlinks /Users/mac/Downloads/Launchpad_Back/Launchpad_Back/LaunchpadIconComposerAssets/icon.json /Users/mac/Library/Developer/Xcode/DerivedData/Launchpad_Back-beilzzhljvfrasdrlnvmjuxllbdr/Build/Products/Release/Launchpad_Back.app/Contents/Resources

GenerateAssetSymbols /Users/mac/Downloads/Launchpad_Back/Launchpad_Back/Assets.xcassets (in target 'Launchpad_Back' from project 'Launchpad_Back')
    cd /Users/mac/Downloads/Launchpad_Back
    /Applications/Xcode.app/Contents/Developer/usr/bin/actool /Users/mac/Downloads/Launchpad_Back/Launchpad_Back/Assets.xcassets --compile /Users/mac/Library/Developer/Xcode/DerivedData/Launchpad_Back-beilzzhljvfrasdrlnvmjuxllbdr/Build/Products/Release/Launchpad_Back.app/Contents/Resources --output-format human-readable-text --notices --warnings --export-dependency-info /Users/mac/Library/Developer/Xcode/DerivedData/Launchpad_Back-beilzzhljvfrasdrlnvmjuxllbdr/Build/Intermediates.noindex/Launchpad_Back.build/Release/Launchpad_Back.build/assetcatalog_dependencies --output-partial-info-plist /Users/mac/Library/Developer/Xcode/DerivedData/Launchpad_Back-beilzzhljvfrasdrlnvmjuxllbdr/Build/Intermediates.noindex/Launchpad_Back.build/Release/Launchpad_Back.build/assetcatalog_generated_info.plist --app-icon AppIcon --include-all-app-icons --accent-color AccentColor --enable-on-demand-resources NO --development-region en --target-device mac --minimum-deployment-target 15.6 --platform macosx --bundle-identifier com.Eric-Yang.Launchpad-Back --generate-swift-asset-symbols /Users/mac/Library/Developer/Xcode/DerivedData/Launchpad_Back-beilzzhljvfrasdrlnvmjuxllbdr/Build/Intermediates.noindex/Launchpad_Back.build/Release/Launchpad_Back.build/DerivedSources/GeneratedAssetSymbols.swift --generate-objc-asset-symbols /Users/mac/Library/Developer/Xcode/DerivedData/Launchpad_Back-beilzzhljvfrasdrlnvmjuxllbdr/Build/Intermediates.noindex/Launchpad_Back.build/Release/Launchpad_Back.build/DerivedSources/GeneratedAssetSymbols.h --generate-asset-symbol-index /Users/mac/Library/Developer/Xcode/DerivedData/Launchpad_Back-beilzzhljvfrasdrlnvmjuxllbdr/Build/Intermediates.noindex/Launchpad_Back.build/Release/Launchpad_Back.build/DerivedSources/GeneratedAssetSymbols-Index.plist
/* com.apple.actool.compilation-results */
/Users/mac/Library/Developer/Xcode/DerivedData/Launchpad_Back-beilzzhljvfrasdrlnvmjuxllbdr/Build/Intermediates.noindex/Launchpad_Back.build/Release/Launchpad_Back.build/DerivedSources/GeneratedAssetSymbols-Index.plist
/Users/mac/Library/Developer/Xcode/DerivedData/Launchpad_Back-beilzzhljvfrasdrlnvmjuxllbdr/Build/Intermediates.noindex/Launchpad_Back.build/Release/Launchpad_Back.build/DerivedSources/GeneratedAssetSymbols.h
/Users/mac/Library/Developer/Xcode/DerivedData/Launchpad_Back-beilzzhljvfrasdrlnvmjuxllbdr/Build/Intermediates.noindex/Launchpad_Back.build/Release/Launchpad_Back.build/DerivedSources/GeneratedAssetSymbols.swift


CopyPNGFile /Users/mac/Library/Developer/Xcode/DerivedData/Launchpad_Back-beilzzhljvfrasdrlnvmjuxllbdr/Build/Products/Release/Launchpad_Back.app/Contents/Resources/rocket.png /Users/mac/Downloads/Launchpad_Back/Launchpad_Back/LaunchpadIconComposerAssets/Assets/rocket.png (in target 'Launchpad_Back' from project 'Launchpad_Back')
    cd /Users/mac/Downloads/Launchpad_Back
    /Applications/Xcode.app/Contents/Developer/usr/bin/copypng /Users/mac/Downloads/Launchpad_Back/Launchpad_Back/LaunchpadIconComposerAssets/Assets/rocket.png /Users/mac/Library/Developer/Xcode/DerivedData/Launchpad_Back-beilzzhljvfrasdrlnvmjuxllbdr/Build/Products/Release/Launchpad_Back.app/Contents/Resources/rocket.png

CompileAssetCatalogVariant thinned /Users/mac/Library/Developer/Xcode/DerivedData/Launchpad_Back-beilzzhljvfrasdrlnvmjuxllbdr/Build/Products/Release/Launchpad_Back.app/Contents/Resources /Users/mac/Downloads/Launchpad_Back/Launchpad_Back/Assets.xcassets (in target 'Launchpad_Back' from project 'Launchpad_Back')
    cd /Users/mac/Downloads/Launchpad_Back
    /Applications/Xcode.app/Contents/Developer/usr/bin/actool /Users/mac/Downloads/Launchpad_Back/Launchpad_Back/Assets.xcassets --compile /Users/mac/Library/Developer/Xcode/DerivedData/Launchpad_Back-beilzzhljvfrasdrlnvmjuxllbdr/Build/Intermediates.noindex/Launchpad_Back.build/Release/Launchpad_Back.build/assetcatalog_output/thinned --output-format human-readable-text --notices --warnings --export-dependency-info /Users/mac/Library/Developer/Xcode/DerivedData/Launchpad_Back-beilzzhljvfrasdrlnvmjuxllbdr/Build/Intermediates.noindex/Launchpad_Back.build/Release/Launchpad_Back.build/assetcatalog_dependencies_thinned --output-partial-info-plist /Users/mac/Library/Developer/Xcode/DerivedData/Launchpad_Back-beilzzhljvfrasdrlnvmjuxllbdr/Build/Intermediates.noindex/Launchpad_Back.build/Release/Launchpad_Back.build/assetcatalog_generated_info.plist_thinned --app-icon AppIcon --include-all-app-icons --accent-color AccentColor --enable-on-demand-resources NO --development-region en --target-device mac --minimum-deployment-target 15.6 --platform macosx
/* com.apple.actool.compilation-results */
/Users/mac/Library/Developer/Xcode/DerivedData/Launchpad_Back-beilzzhljvfrasdrlnvmjuxllbdr/Build/Intermediates.noindex/Launchpad_Back.build/Release/Launchpad_Back.build/assetcatalog_generated_info.plist_thinned
/Users/mac/Library/Developer/Xcode/DerivedData/Launchpad_Back-beilzzhljvfrasdrlnvmjuxllbdr/Build/Intermediates.noindex/Launchpad_Back.build/Release/Launchpad_Back.build/assetcatalog_output/thinned/AppIcon.icns
/Users/mac/Library/Developer/Xcode/DerivedData/Launchpad_Back-beilzzhljvfrasdrlnvmjuxllbdr/Build/Intermediates.noindex/Launchpad_Back.build/Release/Launchpad_Back.build/assetcatalog_output/thinned/Assets.car


SwiftDriver Launchpad_Back normal arm64 com.apple.xcode.tools.swift.compiler (in target 'Launchpad_Back' from project 'Launchpad_Back')
    cd /Users/mac/Downloads/Launchpad_Back
    builtin-SwiftDriver -- /Applications/Xcode.app/Contents/Developer/Toolchains/XcodeDefault.xctoolchain/usr/bin/swiftc -module-name Launchpad_Back -O -whole-module-optimization @/Users/mac/Library/Developer/Xcode/DerivedData/Launchpad_Back-beilzzhljvfrasdrlnvmjuxllbdr/Build/Intermediates.noindex/Launchpad_Back.build/Release/Launchpad_Back.build/Objects-normal/arm64/Launchpad_Back.SwiftFileList -default-isolation\=MainActor -enable-bare-slash-regex -enable-upcoming-feature MemberImportVisibility -enable-experimental-feature DebugDescriptionMacro -sdk /Applications/Xcode.app/Contents/Developer/Platforms/MacOSX.platform/Developer/SDKs/MacOSX26.5.sdk -target arm64-apple-macos15.6 -g -module-cache-path /Users/mac/Library/Developer/Xcode/DerivedData/ModuleCache.noindex -Xfrontend -serialize-debugging-options -profile-coverage-mapping -profile-generate -swift-version 5 -I /Users/mac/Library/Developer/Xcode/DerivedData/Launchpad_Back-beilzzhljvfrasdrlnvmjuxllbdr/Build/Products/Release -F /Users/mac/Library/Developer/Xcode/DerivedData/Launchpad_Back-beilzzhljvfrasdrlnvmjuxllbdr/Build/Products/Release -emit-localized-strings -emit-localized-strings-path /Users/mac/Library/Developer/Xcode/DerivedData/Launchpad_Back-beilzzhljvfrasdrlnvmjuxllbdr/Build/Intermediates.noindex/Launchpad_Back.build/Release/Launchpad_Back.build/Objects-normal/arm64 -c -num-threads 8 -Xcc -ivfsstatcache -Xcc /Users/mac/Library/Developer/Xcode/DerivedData/SDKStatCaches.noindex/macosx26.5-25F70-688ef53f1462e2c8f657fdc38a81448fe082c4a02f00227109f4ed75e425c832.sdkstatcache -output-file-map /Users/mac/Library/Developer/Xcode/DerivedData/Launchpad_Back-beilzzhljvfrasdrlnvmjuxllbdr/Build/Intermediates.noindex/Launchpad_Back.build/Release/Launchpad_Back.build/Objects-normal/arm64/Launchpad_Back-OutputFileMap.json -use-frontend-parseable-output -save-temps -no-color-diagnostics -explicit-module-build -module-cache-path /Users/mac/Library/Developer/Xcode/DerivedData/Launchpad_Back-beilzzhljvfrasdrlnvmjuxllbdr/Build/Intermediates.noindex/SwiftExplicitPrecompiledModules -clang-scanner-module-cache-path /Users/mac/Library/Developer/Xcode/DerivedData/ModuleCache.noindex -sdk-module-cache-path /Users/mac/Library/Developer/Xcode/DerivedData/ModuleCache.noindex -serialize-diagnostics -emit-dependencies -emit-module -emit-module-path /Users/mac/Library/Developer/Xcode/DerivedData/Launchpad_Back-beilzzhljvfrasdrlnvmjuxllbdr/Build/Intermediates.noindex/Launchpad_Back.build/Release/Launchpad_Back.build/Objects-normal/arm64/Launchpad_Back.swiftmodule -validate-clang-modules-once -clang-build-session-file /Users/mac/Library/Developer/Xcode/DerivedData/ModuleCache.noindex/Session.modulevalidation -Xcc -I/Users/mac/Library/Developer/Xcode/DerivedData/Launchpad_Back-beilzzhljvfrasdrlnvmjuxllbdr/Build/Intermediates.noindex/Launchpad_Back.build/Release/Launchpad_Back.build/swift-overrides.hmap -emit-const-values -Xfrontend -const-gather-protocols-file -Xfrontend /Users/mac/Library/Developer/Xcode/DerivedData/Launchpad_Back-beilzzhljvfrasdrlnvmjuxllbdr/Build/Intermediates.noindex/Launchpad_Back.build/Release/Launchpad_Back.build/Objects-normal/arm64/Launchpad_Back_const_extract_protocols.json -Xcc -iquote -Xcc /Users/mac/Library/Developer/Xcode/DerivedData/Launchpad_Back-beilzzhljvfrasdrlnvmjuxllbdr/Build/Intermediates.noindex/Launchpad_Back.build/Release/Launchpad_Back.build/Launchpad_Back-generated-files.hmap -Xcc -I/Users/mac/Library/Developer/Xcode/DerivedData/Launchpad_Back-beilzzhljvfrasdrlnvmjuxllbdr/Build/Intermediates.noindex/Launchpad_Back.build/Release/Launchpad_Back.build/Launchpad_Back-own-target-headers.hmap -Xcc -I/Users/mac/Library/Developer/Xcode/DerivedData/Launchpad_Back-beilzzhljvfrasdrlnvmjuxllbdr/Build/Intermediates.noindex/Launchpad_Back.build/Release/Launchpad_Back.build/Launchpad_Back-all-target-headers.hmap -Xcc -iquote -Xcc /Users/mac/Library/Developer/Xcode/DerivedData/Launchpad_Back-beilzzhljvfrasdrlnvmjuxllbdr/Build/Intermediates.noindex/Launchpad_Back.build/Release/Launchpad_Back.build/Launchpad_Back-project-headers.hmap -Xcc -I/Users/mac/Library/Developer/Xcode/DerivedData/Launchpad_Back-beilzzhljvfrasdrlnvmjuxllbdr/Build/Products/Release/include -Xcc -I/Users/mac/Library/Developer/Xcode/DerivedData/Launchpad_Back-beilzzhljvfrasdrlnvmjuxllbdr/Build/Intermediates.noindex/Launchpad_Back.build/Release/Launchpad_Back.build/DerivedSources-normal/arm64 -Xcc -I/Users/mac/Library/Developer/Xcode/DerivedData/Launchpad_Back-beilzzhljvfrasdrlnvmjuxllbdr/Build/Intermediates.noindex/Launchpad_Back.build/Release/Launchpad_Back.build/DerivedSources/arm64 -Xcc -I/Users/mac/Library/Developer/Xcode/DerivedData/Launchpad_Back-beilzzhljvfrasdrlnvmjuxllbdr/Build/Intermediates.noindex/Launchpad_Back.build/Release/Launchpad_Back.build/DerivedSources -emit-objc-header -emit-objc-header-path /Users/mac/Library/Developer/Xcode/DerivedData/Launchpad_Back-beilzzhljvfrasdrlnvmjuxllbdr/Build/Intermediates.noindex/Launchpad_Back.build/Release/Launchpad_Back.build/Objects-normal/arm64/Launchpad_Back-Swift.h -working-directory /Users/mac/Downloads/Launchpad_Back -no-emit-module-separately-wmo

SwiftCompile normal arm64 Compiling\ AppItem.swift,\ AppIconCache.swift,\ AppIconResolver.swift,\ AppLauncherService.swift,\ AppScannerService.swift,\ DisplayManager.swift,\ GestureManager.swift,\ GridLayoutManager.swift,\ GridScreenLayout.swift,\ HotKeyManager.swift,\ KeyboardEventManager.swift,\ Logger.swift,\ PinchGestureRecognizer.swift,\ SwipeGestureRecognizer.swift,\ UserPreferences.swift,\ EditModeManager.swift,\ LaunchpadViewModel.swift,\ PaginationViewModel.swift,\ SearchViewModel.swift,\ AppIconView.swift,\ BackgroundView.swift,\ FolderExpandedView.swift,\ HotkeySettingsView.swift,\ PageIndicatorView.swift,\ SearchBarView.swift,\ VerticalScrollView.swift,\ ContentView.swift,\ Launchpad_BackApp.swift,\ GeneratedAssetSymbols.swift /Users/mac/Downloads/Launchpad_Back/Launchpad_Back/Models/AppItem.swift /Users/mac/Downloads/Launchpad_Back/Launchpad_Back/Services/AppIconCache.swift /Users/mac/Downloads/Launchpad_Back/Launchpad_Back/Services/AppIconResolver.swift /Users/mac/Downloads/Launchpad_Back/Launchpad_Back/Services/AppLauncherService.swift /Users/mac/Downloads/Launchpad_Back/Launchpad_Back/Services/AppScannerService.swift /Users/mac/Downloads/Launchpad_Back/Launchpad_Back/Services/DisplayManager.swift /Users/mac/Downloads/Launchpad_Back/Launchpad_Back/Services/GestureManager.swift /Users/mac/Downloads/Launchpad_Back/Launchpad_Back/Services/GridLayoutManager.swift /Users/mac/Downloads/Launchpad_Back/Launchpad_Back/Services/GridScreenLayout.swift /Users/mac/Downloads/Launchpad_Back/Launchpad_Back/Services/HotKeyManager.swift /Users/mac/Downloads/Launchpad_Back/Launchpad_Back/Services/KeyboardEventManager.swift /Users/mac/Downloads/Launchpad_Back/Launchpad_Back/Services/Logger.swift /Users/mac/Downloads/Launchpad_Back/Launchpad_Back/Services/PinchGestureRecognizer.swift /Users/mac/Downloads/Launchpad_Back/Launchpad_Back/Services/SwipeGestureRecognizer.swift /Users/mac/Downloads/Launchpad_Back/Launchpad_Back/Settings/UserPreferences.swift /Users/mac/Downloads/Launchpad_Back/Launchpad_Back/ViewModels/EditModeManager.swift /Users/mac/Downloads/Launchpad_Back/Launchpad_Back/ViewModels/LaunchpadViewModel.swift /Users/mac/Downloads/Launchpad_Back/Launchpad_Back/ViewModels/PaginationViewModel.swift /Users/mac/Downloads/Launchpad_Back/Launchpad_Back/ViewModels/SearchViewModel.swift /Users/mac/Downloads/Launchpad_Back/Launchpad_Back/Views/AppIconView.swift /Users/mac/Downloads/Launchpad_Back/Launchpad_Back/Views/BackgroundView.swift /Users/mac/Downloads/Launchpad_Back/Launchpad_Back/Views/FolderExpandedView.swift /Users/mac/Downloads/Launchpad_Back/Launchpad_Back/Views/HotkeySettingsView.swift /Users/mac/Downloads/Launchpad_Back/Launchpad_Back/Views/PageIndicatorView.swift /Users/mac/Downloads/Launchpad_Back/Launchpad_Back/Views/SearchBarView.swift /Users/mac/Downloads/Launchpad_Back/Launchpad_Back/Views/VerticalScrollView.swift /Users/mac/Downloads/Launchpad_Back/Launchpad_Back/ContentView.swift /Users/mac/Downloads/Launchpad_Back/Launchpad_Back/Launchpad_BackApp.swift /Users/mac/Library/Developer/Xcode/DerivedData/Launchpad_Back-beilzzhljvfrasdrlnvmjuxllbdr/Build/Intermediates.noindex/Launchpad_Back.build/Release/Launchpad_Back.build/DerivedSources/GeneratedAssetSymbols.swift /Applications/Xcode.app/Contents/Developer/Toolchains/XcodeDefault.xctoolchain/usr/lib/swift/macosx/prebuilt-modules/26.5/simd.swiftmodule/arm64e-apple-macos.swiftmodule /Applications/Xcode.app/Contents/Developer/Toolchains/XcodeDefault.xctoolchain/usr/lib/swift/macosx/prebuilt-modules/26.5/_DarwinFoundation3.swiftmodule/arm64e-apple-macos.swiftmodule /Applications/Xcode.app/Contents/Developer/Toolchains/XcodeDefault.xctoolchain/usr/lib/swift/macosx/prebuilt-modules/26.5/CoreText.swiftmodule/arm64e-apple-macos.swiftmodule /Applications/Xcode.app/Contents/Developer/Toolchains/XcodeDefault.xctoolchain/usr/lib/swift/macosx/prebuilt-modules/26.5/CoreFoundation.swiftmodule/arm64e-apple-macos.swiftmodule /Applications/Xcode.app/Contents/Developer/Toolchains/XcodeDefault.xctoolchain/usr/lib/swift/macosx/prebuilt-modules/26.5/Combine.swiftmodule/arm64e-apple-macos.swiftmodule /Applications/Xcode.app/Contents/Developer/Toolchains/XcodeDefault.xctoolchain/usr/lib/swift/macosx/prebuilt-modules/26.5/DataDetection.swiftmodule/arm64e-apple-macos.swiftmodule /Applications/Xcode.app/Contents/Developer/Toolchains/XcodeDefault.xctoolchain/usr/lib/swift/macosx/prebuilt-modules/26.5/CoreImage.swiftmodule/arm64e-apple-macos.swiftmodule /Applications/Xcode.app/Contents/Developer/Toolchains/XcodeDefault.xctoolchain/usr/lib/swift/macosx/prebuilt-modules/26.5/Dispatch.swiftmodule/arm64e-apple-macos.swiftmodule /Applications/Xcode.app/Contents/Developer/Toolchains/XcodeDefault.xctoolchain/usr/lib/swift/macosx/prebuilt-modules/26.5/IOKit.swiftmodule/arm64e-apple-macos.swiftmodule /Applications/Xcode.app/Contents/Developer/Toolchains/XcodeDefault.xctoolchain/usr/lib/swift/macosx/prebuilt-modules/26.5/CoreData.swiftmodule/arm64e-apple-macos.swiftmodule /Applications/Xcode.app/Contents/Developer/Toolchains/XcodeDefault.xctoolchain/usr/lib/swift/macosx/prebuilt-modules/26.5/System.swiftmodule/arm64e-apple-macos.swiftmodule /Applications/Xcode.app/Contents/Developer/Toolchains/XcodeDefault.xctoolchain/usr/lib/swift/macosx/prebuilt-modules/26.5/QuartzCore.swiftmodule/arm64e-apple-macos.swiftmodule /Applications/Xcode.app/Contents/Developer/Toolchains/XcodeDefault.xctoolchain/usr/lib/swift/macosx/prebuilt-modules/26.5/Foundation.swiftmodule/arm64e-apple-macos.swiftmodule /Applications/Xcode.app/Contents/Developer/Toolchains/XcodeDefault.xctoolchain/usr/lib/swift/macosx/prebuilt-modules/26.5/Swift.swiftmodule/arm64e-apple-macos.swiftmodule /Applications/Xcode.app/Contents/Developer/Toolchains/XcodeDefault.xctoolchain/usr/lib/swift/macosx/prebuilt-modules/26.5/XPC.swiftmodule/arm64e-apple-macos.swiftmodule /Applications/Xcode.app/Contents/Developer/Toolchains/XcodeDefault.xctoolchain/usr/lib/swift/macosx/prebuilt-modules/26.5/OSLog.swiftmodule/arm64e-apple-macos.swiftmodule /Applications/Xcode.app/Contents/Developer/Toolchains/XcodeDefault.xctoolchain/usr/lib/swift/macosx/prebuilt-modules/26.5/SwiftUICore.swiftmodule/arm64e-apple-macos.swiftmodule /Applications/Xcode.app/Contents/Developer/Toolchains/XcodeDefault.xctoolchain/usr/lib/swift/macosx/prebuilt-modules/26.5/UniformTypeIdentifiers.swiftmodule/arm64e-apple-macos.swiftmodule /Applications/Xcode.app/Contents/Developer/Toolchains/XcodeDefault.xctoolchain/usr/lib/swift/macosx/prebuilt-modules/26.5/DeveloperToolsSupport.swiftmodule/arm64e-apple-macos.swiftmodule /Applications/Xcode.app/Contents/Developer/Toolchains/XcodeDefault.xctoolchain/usr/lib/swift/macosx/prebuilt-modules/26.5/SwiftUI.swiftmodule/arm64e-apple-macos.swiftmodule /Applications/Xcode.app/Contents/Developer/Toolchains/XcodeDefault.xctoolchain/usr/lib/swift/macosx/prebuilt-modules/26.5/CoreTransferable.swiftmodule/arm64e-apple-macos.swiftmodule /Applications/Xcode.app/Contents/Developer/Toolchains/XcodeDefault.xctoolchain/usr/lib/swift/macosx/prebuilt-modules/26.5/Metal.swiftmodule/arm64e-apple-macos.swiftmodule /Applications/Xcode.app/Contents/Developer/Toolchains/XcodeDefault.xctoolchain/usr/lib/swift/macosx/prebuilt-modules/26.5/CoreVideo.swiftmodule/arm64e-apple-macos.swiftmodule /Applications/Xcode.app/Contents/Developer/Toolchains/XcodeDefault.xctoolchain/usr/lib/swift/macosx/prebuilt-modules/26.5/ObjectiveC.swiftmodule/arm64e-apple-macos.swiftmodule /Applications/Xcode.app/Contents/Developer/Toolchains/XcodeDefault.xctoolchain/usr/lib/swift/macosx/prebuilt-modules/26.5/_Concurrency.swiftmodule/arm64e-apple-macos.swiftmodule /Applications/Xcode.app/Contents/Developer/Toolchains/XcodeDefault.xctoolchain/usr/lib/swift/macosx/prebuilt-modules/26.5/Observation.swiftmodule/arm64e-apple-macos.swiftmodule /Applications/Xcode.app/Contents/Developer/Toolchains/XcodeDefault.xctoolchain/usr/lib/swift/macosx/prebuilt-modules/26.5/Accessibility.swiftmodule/arm64e-apple-macos.swiftmodule /Applications/Xcode.app/Contents/Developer/Toolchains/XcodeDefault.xctoolchain/usr/lib/swift/macosx/prebuilt-modules/26.5/_DarwinFoundation1.swiftmodule/arm64e-apple-macos.swiftmodule /Applications/Xcode.app/Contents/Developer/Toolchains/XcodeDefault.xctoolchain/usr/lib/swift/macosx/prebuilt-modules/26.5/Symbols.swiftmodule/arm64e-apple-macos.swiftmodule /Applications/Xcode.app/Contents/Developer/Toolchains/XcodeDefault.xctoolchain/usr/lib/swift/macosx/prebuilt-modules/26.5/AppKit.swiftmodule/arm64e-apple-macos.swiftmodule /Applications/Xcode.app/Contents/Developer/Toolchains/XcodeDefault.xctoolchain/usr/lib/swift/macosx/prebuilt-modules/26.5/Darwin.swiftmodule/arm64e-apple-macos.swiftmodule /Applications/Xcode.app/Contents/Developer/Toolchains/XcodeDefault.xctoolchain/usr/lib/swift/macosx/prebuilt-modules/26.5/CoreGraphics.swiftmodule/arm64e-apple-macos.swiftmodule /Applications/Xcode.app/Contents/Developer/Toolchains/XcodeDefault.xctoolchain/usr/lib/swift/macosx/prebuilt-modules/26.5/_Builtin_float.swiftmodule/arm64e-apple-macos.swiftmodule /Applications/Xcode.app/Contents/Developer/Toolchains/XcodeDefault.xctoolchain/usr/lib/swift/macosx/prebuilt-modules/26.5/_DarwinFoundation2.swiftmodule/arm64e-apple-macos.swiftmodule /Applications/Xcode.app/Contents/Developer/Toolchains/XcodeDefault.xctoolchain/usr/lib/swift/macosx/prebuilt-modules/26.5/_StringProcessing.swiftmodule/arm64e-apple-macos.swiftmodule /Applications/Xcode.app/Contents/Developer/Toolchains/XcodeDefault.xctoolchain/usr/lib/swift/macosx/prebuilt-modules/26.5/os.swiftmodule/arm64e-apple-macos.swiftmodule /Applications/Xcode.app/Contents/Developer/Toolchains/XcodeDefault.xctoolchain/usr/lib/swift/macosx/prebuilt-modules/26.5/Spatial.swiftmodule/arm64e-apple-macos.swiftmodule /Users/mac/Library/Developer/Xcode/DerivedData/ModuleCache.noindex/Carbon-8WG7GE6CFETC3CCKOB64XJXFK.pcm /Users/mac/Library/Developer/Xcode/DerivedData/ModuleCache.noindex/_SwiftConcurrencyShims-2BO3MEPJCQEJIQ28I8ZLOKV7C.pcm /Users/mac/Library/Developer/Xcode/DerivedData/ModuleCache.noindex/AppKit-2OQRUPOPPY8Q7Y9SLIRY6QZ1X.pcm /Users/mac/Library/Developer/Xcode/DerivedData/ModuleCache.noindex/os_object-3BESWMU2ZXCKM51Z22Z20ERQC.pcm /Users/mac/Library/Developer/Xcode/DerivedData/ModuleCache.noindex/OpenGL-3GIUXK74V23W0EWAM3N2GQOMT.pcm /Users/mac/Library/Developer/Xcode/DerivedData/ModuleCache.noindex/DeveloperToolsSupport-AEWXQWSFNC7IAQDTV291LQQOQ.pcm /Users/mac/Library/Developer/Xcode/DerivedData/ModuleCache.noindex/CoreFoundation-40C144DPY7AEZP7OU4LT27UBF.pcm /Users/mac/Library/Developer/Xcode/DerivedData/ModuleCache.noindex/DiskArbitration-4N8YQIPQG4M2KHNUOLGMKX6H1.pcm /Users/mac/Library/Developer/Xcode/DerivedData/ModuleCache.noindex/sys_types-3K2EMH1W21NTJAUXQFBSIJJZH.pcm /Users/mac/Library/Developer/Xcode/DerivedData/ModuleCache.noindex/_Builtin_intrinsics-59GUEZ82MJWHZ04ZOB9EHK5L1.pcm /Users/mac/Library/Developer/Xcode/DerivedData/ModuleCache.noindex/CoreData-6OW667VAXCZF9NWPA7P3QJYY2.pcm /Users/mac/Library/Developer/Xcode/DerivedData/ModuleCache.noindex/_Builtin_stddef-3PMHXC0Z6RQ7O6IUWBMMSHU1H.pcm /Users/mac/Library/Developer/Xcode/DerivedData/ModuleCache.noindex/DataDetection-7QOEZHV7FNIJSVK523EOHRMQW.pcm /Users/mac/Library/Developer/Xcode/DerivedData/ModuleCache.noindex/Darwin-5W58SZOXFEU9TE1SRLL0UPVZQ.pcm /Users/mac/Library/Developer/Xcode/DerivedData/ModuleCache.noindex/ptrcheck-60KWOHK6UBJ5WNK48965JLFDL.pcm /Users/mac/Library/Developer/Xcode/DerivedData/ModuleCache.noindex/CoreServices-9JH3YIHEJ16DNZ8CLQTE27SCL.pcm /Users/mac/Library/Developer/Xcode/DerivedData/ModuleCache.noindex/MachO-ETTV16QSTFAXGBUU2038TYR3F.pcm /Users/mac/Library/Developer/Xcode/DerivedData/ModuleCache.noindex/Accessibility-D34JWQRSIMRY0XPGPI8DFJCZS.pcm /Users/mac/Library/Developer/Xcode/DerivedData/ModuleCache.noindex/Foundation-DWP4H22Z6AM7G902VX0YZL4B9.pcm /Users/mac/Library/Developer/Xcode/DerivedData/ModuleCache.noindex/_Builtin_limits-4CJCG87FDKOLV2UO00MGMXJLL.pcm /Users/mac/Library/Developer/Xcode/DerivedData/ModuleCache.noindex/os-D7IUJ13OBK5BYT04Q8NXQNYCA.pcm /Users/mac/Library/Developer/Xcode/DerivedData/ModuleCache.noindex/SwiftUICore-CJVLLZ92KK0B9EZ0X1DQBQURA.pcm /Users/mac/Library/Developer/Xcode/DerivedData/ModuleCache.noindex/_Builtin_stdatomic-4BQCW83JT4X1FUEGXSKZ9AEV.pcm /Users/mac/Library/Developer/Xcode/DerivedData/ModuleCache.noindex/_Builtin_stdint-157NY61B02KVJ1O8YU3B7JPVM.pcm /Users/mac/Library/Developer/Xcode/DerivedData/ModuleCache.noindex/_DarwinFoundation3-38WAJOVJZ60GN25S4X6993Y14.pcm /Users/mac/Library/Developer/Xcode/DerivedData/ModuleCache.noindex/CoreVideo-DSFTHCDPK4SZEG7XD4C9ZAL0L.pcm /Users/mac/Library/Developer/Xcode/DerivedData/ModuleCache.noindex/ObjectiveC-8TYBFL5BIYOALBD7BTR7Q78SD.pcm /Users/mac/Library/Developer/Xcode/DerivedData/ModuleCache.noindex/CoreGraphics-15TFFSQGBDQEG91A35B4YTD1T.pcm /Users/mac/Library/Developer/Xcode/DerivedData/ModuleCache.noindex/libkern-CIW4NUP970RKAMOM6T9UBXZSF.pcm /Users/mac/Library/Developer/Xcode/DerivedData/ModuleCache.noindex/OSLog-EFBC44RC8SXPNIKX9M0TOW7K3.pcm /Users/mac/Library/Developer/Xcode/DerivedData/ModuleCache.noindex/IOSurface-6UT0WYZZKDBVU9RAI4BGYIQ8Z.pcm /Users/mac/Library/Developer/Xcode/DerivedData/ModuleCache.noindex/CoreTransferable-8HM1SV9RFMK7C1IQRKUC5S811.pcm /Users/mac/Library/Developer/Xcode/DerivedData/ModuleCache.noindex/_Builtin_inttypes-BTMEPWCDIDCDTNK63A09WW2NA.pcm /Users/mac/Library/Developer/Xcode/DerivedData/ModuleCache.noindex/SwiftShims-5J2L6YQAD84VTM75C1A81TX8.pcm /Users/mac/Library/Developer/Xcode/DerivedData/ModuleCache.noindex/_DarwinFoundation1-94SYHI17LX3FBW36BA63Z7WAK.pcm /Users/mac/Library/Developer/Xcode/DerivedData/ModuleCache.noindex/Spatial-A591IUAZBOH4STMO87XHHCRPR.pcm /Users/mac/Library/Developer/Xcode/DerivedData/ModuleCache.noindex/_Builtin_stdbool-DUH491QU0U3BC3CF1YVL38BLE.pcm /Users/mac/Library/Developer/Xcode/DerivedData/ModuleCache.noindex/Metal-1ZZM6EOCDH1WIZ97NV40WB130.pcm /Users/mac/Library/Developer/Xcode/DerivedData/ModuleCache.noindex/XPC-E0UKCLYPRJSAZPJ437LEWVT46.pcm /Users/mac/Library/Developer/Xcode/DerivedData/ModuleCache.noindex/ColorSync-H7ICZU511SYUOMCXPUBDYJD6.pcm /Users/mac/Library/Developer/Xcode/DerivedData/ModuleCache.noindex/simd-9J5SWUT699SJBNFOK4DC3DHRX.pcm /Users/mac/Library/Developer/Xcode/DerivedData/ModuleCache.noindex/_Builtin_float-1HCN9QDVJSTJ6PG62C71P9XRK.pcm /Users/mac/Library/Developer/Xcode/DerivedData/ModuleCache.noindex/IOKit-4JWEFOZTB5TP7VSDAITLNMK1Q.pcm /Users/mac/Library/Developer/Xcode/DerivedData/ModuleCache.noindex/UniformTypeIdentifiers-183CMTOXIZ5CH8C1PESYDRBDK.pcm /Users/mac/Library/Developer/Xcode/DerivedData/ModuleCache.noindex/Dispatch-1Y756ZL3QCH7XPJWQWTIOVBP4.pcm /Users/mac/Library/Developer/Xcode/DerivedData/ModuleCache.noindex/CFNetwork-2U7VP7SO8YB16ME2CCDBZXX15.pcm /Users/mac/Library/Developer/Xcode/DerivedData/ModuleCache.noindex/_Builtin_stdarg-555BW6PT37U6QZ1JCEKZ51K7B.pcm /Users/mac/Library/Developer/Xcode/DerivedData/ModuleCache.noindex/SwiftUI-DBICWV0TKROS7AADZPR6X284B.pcm /Users/mac/Library/Developer/Xcode/DerivedData/ModuleCache.noindex/ApplicationServices-55UCF4W8AF3OJSP0ZUGH5G27Y.pcm /Users/mac/Library/Developer/Xcode/DerivedData/ModuleCache.noindex/ImageIO-EJVC6EW3Z113846EZ7JC0LROE.pcm /Users/mac/Library/Developer/Xcode/DerivedData/ModuleCache.noindex/_AvailabilityInternal-E22S5Y91L67Y07SJLQPX6BRPT.pcm /Users/mac/Library/Developer/Xcode/DerivedData/ModuleCache.noindex/Security-AMDTMR3021H2AYXSV2F0CXNT3.pcm /Users/mac/Library/Developer/Xcode/DerivedData/ModuleCache.noindex/CoreImage-B35IZ7VKD4JEQLI723GSTJOT.pcm /Users/mac/Library/Developer/Xcode/DerivedData/ModuleCache.noindex/_Builtin_tgmath-5SGNPC0TPRCZQ6P77PKOZBMX1.pcm /Users/mac/Library/Developer/Xcode/DerivedData/ModuleCache.noindex/CoreText-CBWW5JNGV1YTLYFJ1N54D4L44.pcm /Users/mac/Library/Developer/Xcode/DerivedData/ModuleCache.noindex/_DarwinFoundation2-3PFETXGRK8YMA1VBXQTNNDXII.pcm /Users/mac/Library/Developer/Xcode/DerivedData/ModuleCache.noindex/libDER-BKY619P8Y7HH38PJUT9YX2RFF.pcm /Users/mac/Library/Developer/Xcode/DerivedData/ModuleCache.noindex/os_workgroup-DP60BND0NGIW0HI8S07CSFJKY.pcm /Users/mac/Library/Developer/Xcode/DerivedData/ModuleCache.noindex/Symbols-QN04CTQDTUKZK4ZXSM2YG22G.pcm /Users/mac/Library/Developer/Xcode/DerivedData/ModuleCache.noindex/ptrauth-4QI5EP6R85UIC37SZIE20YDSC.pcm /Users/mac/Library/Developer/Xcode/DerivedData/ModuleCache.noindex/CUPS-CUQXWJK3PMA0BBKRIRALNHO0R.pcm /Users/mac/Library/Developer/Xcode/DerivedData/ModuleCache.noindex/launch-8T1V8NJAV3IGF7FBUZOPVQ8E0.pcm /Users/mac/Library/Developer/Xcode/DerivedData/ModuleCache.noindex/QuartzCore-DH3PCV7PQJ4YORILY32IRL97V.pcm /Users/mac/Library/Developer/Xcode/DerivedData/Launchpad_Back-beilzzhljvfrasdrlnvmjuxllbdr/Build/Intermediates.noindex/Launchpad_Back.build/Release/Launchpad_Back.build/Objects-normal/arm64/Launchpad_Back-dependencies-1.json (in target 'Launchpad_Back' from project 'Launchpad_Back')
CompileSwift normal arm64 (in target 'Launchpad_Back' from project 'Launchpad_Back')
    cd /Users/mac/Downloads/Launchpad_Back
    
/Users/mac/Downloads/Launchpad_Back/Launchpad_Back/Services/DisplayManager.swift:52:13: warning: variable 'currentMode' was never used; consider replacing with '_' or removing it
        var currentMode: CGDisplayMode?
            ^~~~~~~~~~~
            _
/Users/mac/Downloads/Launchpad_Back/Launchpad_Back/Services/DisplayManager.swift:54:19: warning: value 'modes' was defined but never used; consider replacing with boolean test
        guard let modes = CGDisplayCopyAllDisplayModes(mainDisplay, nil) as? [CGDisplayMode] else {
              ~~~~^~~~~~~~                                               ~~~
                                                                         is
/Users/mac/Downloads/Launchpad_Back/Launchpad_Back/Services/DisplayManager.swift:91:28: error: 'CGDisplayModeGetWidth' has been replaced by property 'CGDisplayMode.width'
        let currentWidth = CGDisplayModeGetWidth(currentMode)
                           ^~~~~~~~~~~~~~~~~~~~~~~~~~~~~~~~~~
                           currentMode.width    
/Applications/Xcode.app/Contents/Developer/Platforms/MacOSX.platform/Developer/SDKs/MacOSX26.5.sdk/System/Library/Frameworks/CoreGraphics.framework/Headers/CGDirectDisplay.h:166:18: note: 'CGDisplayModeGetWidth' was obsoleted in Swift 3
CG_EXTERN size_t CGDisplayModeGetWidth(CGDisplayModeRef __nullable mode)
                 ^
/Users/mac/Downloads/Launchpad_Back/Launchpad_Back/Services/DisplayManager.swift:92:29: error: 'CGDisplayModeGetHeight' has been replaced by property 'CGDisplayMode.height'
        let currentHeight = CGDisplayModeGetHeight(currentMode)
                            ^~~~~~~~~~~~~~~~~~~~~~~~~~~~~~~~~~~
                            currentMode.height    
/Applications/Xcode.app/Contents/Developer/Platforms/MacOSX.platform/Developer/SDKs/MacOSX26.5.sdk/System/Library/Frameworks/CoreGraphics.framework/Headers/CGDirectDisplay.h:171:18: note: 'CGDisplayModeGetHeight' was obsoleted in Swift 3
CG_EXTERN size_t CGDisplayModeGetHeight(CGDisplayModeRef __nullable mode)
                 ^
/Users/mac/Downloads/Launchpad_Back/Launchpad_Back/Services/DisplayManager.swift:93:34: error: 'CGDisplayModeGetRefreshRate' has been replaced by property 'CGDisplayMode.refreshRate'
        let currentRefreshRate = CGDisplayModeGetRefreshRate(currentMode)
                                 ^~~~~~~~~~~~~~~~~~~~~~~~~~~~~~~~~~~~~~~~
                                 currentMode.refreshRate    
/Applications/Xcode.app/Contents/Developer/Platforms/MacOSX.platform/Developer/SDKs/MacOSX26.5.sdk/System/Library/Frameworks/CoreGraphics.framework/Headers/CGDirectDisplay.h:183:18: note: 'CGDisplayModeGetRefreshRate' was obsoleted in Swift 3
CG_EXTERN double CGDisplayModeGetRefreshRate(CGDisplayModeRef __nullable mode)
                 ^
/Users/mac/Downloads/Launchpad_Back/Launchpad_Back/Services/DisplayManager.swift:97:29: error: 'CGDisplayModeGetWidth' has been replaced by property 'CGDisplayMode.width'
            let modeWidth = CGDisplayModeGetWidth(mode)
                            ^~~~~~~~~~~~~~~~~~~~~~~~~~~
                            mode.width           
/Applications/Xcode.app/Contents/Developer/Platforms/MacOSX.platform/Developer/SDKs/MacOSX26.5.sdk/System/Library/Frameworks/CoreGraphics.framework/Headers/CGDirectDisplay.h:166:18: note: 'CGDisplayModeGetWidth' was obsoleted in Swift 3
CG_EXTERN size_t CGDisplayModeGetWidth(CGDisplayModeRef __nullable mode)
                 ^
/Users/mac/Downloads/Launchpad_Back/Launchpad_Back/Services/DisplayManager.swift:98:30: error: 'CGDisplayModeGetHeight' has been replaced by property 'CGDisplayMode.height'
            let modeHeight = CGDisplayModeGetHeight(mode)
                             ^~~~~~~~~~~~~~~~~~~~~~~~~~~~
                             mode.height           
/Applications/Xcode.app/Contents/Developer/Platforms/MacOSX.platform/Developer/SDKs/MacOSX26.5.sdk/System/Library/Frameworks/CoreGraphics.framework/Headers/CGDirectDisplay.h:171:18: note: 'CGDisplayModeGetHeight' was obsoleted in Swift 3
CG_EXTERN size_t CGDisplayModeGetHeight(CGDisplayModeRef __nullable mode)
                 ^
/Users/mac/Downloads/Launchpad_Back/Launchpad_Back/Services/DisplayManager.swift:110:67: error: missing argument for parameter #3 in call
            let error = CGDisplaySetDisplayMode(mainDisplay, match)
                                                                  ^
                                                                  , <#CFDictionary?#>
/Applications/Xcode.app/Contents/Developer/Platforms/MacOSX.platform/Developer/SDKs/MacOSX26.5.sdk/System/Library/Frameworks/CoreGraphics.framework/Headers/CGDirectDisplay.h:160:19: note: 'CGDisplaySetDisplayMode' declared here
CG_EXTERN CGError CGDisplaySetDisplayMode(CGDirectDisplayID display,
                  ^
/Users/mac/Downloads/Launchpad_Back/Launchpad_Back/Services/DisplayManager.swift:134:28: error: 'CGDisplayModeGetWidth' has been replaced by property 'CGDisplayMode.width'
        let currentWidth = CGDisplayModeGetWidth(currentMode)
                           ^~~~~~~~~~~~~~~~~~~~~~~~~~~~~~~~~~
                           currentMode.width    
/Applications/Xcode.app/Contents/Developer/Platforms/MacOSX.platform/Developer/SDKs/MacOSX26.5.sdk/System/Library/Frameworks/CoreGraphics.framework/Headers/CGDirectDisplay.h:166:18: note: 'CGDisplayModeGetWidth' was obsoleted in Swift 3
CG_EXTERN size_t CGDisplayModeGetWidth(CGDisplayModeRef __nullable mode)
                 ^
/Users/mac/Downloads/Launchpad_Back/Launchpad_Back/Services/DisplayManager.swift:135:29: error: 'CGDisplayModeGetHeight' has been replaced by property 'CGDisplayMode.height'
        let currentHeight = CGDisplayModeGetHeight(currentMode)
                            ^~~~~~~~~~~~~~~~~~~~~~~~~~~~~~~~~~~
                            currentMode.height    
/Applications/Xcode.app/Contents/Developer/Platforms/MacOSX.platform/Developer/SDKs/MacOSX26.5.sdk/System/Library/Frameworks/CoreGraphics.framework/Headers/CGDirectDisplay.h:171:18: note: 'CGDisplayModeGetHeight' was obsoleted in Swift 3
CG_EXTERN size_t CGDisplayModeGetHeight(CGDisplayModeRef __nullable mode)
                 ^
/Users/mac/Downloads/Launchpad_Back/Launchpad_Back/Services/DisplayManager.swift:142:29: error: 'CGDisplayModeGetWidth' has been replaced by property 'CGDisplayMode.width'
            let modeWidth = CGDisplayModeGetWidth(mode)
                            ^~~~~~~~~~~~~~~~~~~~~~~~~~~
                            mode.width           
/Applications/Xcode.app/Contents/Developer/Platforms/MacOSX.platform/Developer/SDKs/MacOSX26.5.sdk/System/Library/Frameworks/CoreGraphics.framework/Headers/CGDirectDisplay.h:166:18: note: 'CGDisplayModeGetWidth' was obsoleted in Swift 3
CG_EXTERN size_t CGDisplayModeGetWidth(CGDisplayModeRef __nullable mode)
                 ^
/Users/mac/Downloads/Launchpad_Back/Launchpad_Back/Services/DisplayManager.swift:143:30: error: 'CGDisplayModeGetHeight' has been replaced by property 'CGDisplayMode.height'
            let modeHeight = CGDisplayModeGetHeight(mode)
                             ^~~~~~~~~~~~~~~~~~~~~~~~~~~~
                             mode.height           
/Applications/Xcode.app/Contents/Developer/Platforms/MacOSX.platform/Developer/SDKs/MacOSX26.5.sdk/System/Library/Frameworks/CoreGraphics.framework/Headers/CGDirectDisplay.h:171:18: note: 'CGDisplayModeGetHeight' was obsoleted in Swift 3
CG_EXTERN size_t CGDisplayModeGetHeight(CGDisplayModeRef __nullable mode)
                 ^
/Users/mac/Downloads/Launchpad_Back/Launchpad_Back/Services/DisplayManager.swift:154:66: error: missing argument for parameter #3 in call
            let error = CGDisplaySetDisplayMode(mainDisplay, mode)
                                                                 ^
                                                                 , <#CFDictionary?#>
/Applications/Xcode.app/Contents/Developer/Platforms/MacOSX.platform/Developer/SDKs/MacOSX26.5.sdk/System/Library/Frameworks/CoreGraphics.framework/Headers/CGDirectDisplay.h:160:19: note: 'CGDisplaySetDisplayMode' declared here
CG_EXTERN CGError CGDisplaySetDisplayMode(CGDirectDisplayID display,
                  ^
/Users/mac/Downloads/Launchpad_Back/Launchpad_Back/Services/HotKeyManager.swift:26:27: error: cannot find type 'EventHandlerRef' in scope
    private var eventRef: EventHandlerRef?
                          ^~~~~~~~~~~~~~~
/Users/mac/Downloads/Launchpad_Back/Launchpad_Back/Services/HotKeyManager.swift:166:43: error: cannot find type 'EventRef' in scope
    private func handleHotKeyEvent(event: EventRef?) -> OSStatus {
                                          ^~~~~~~~
/Users/mac/Downloads/Launchpad_Back/Launchpad_Back/Services/HotKeyManager.swift:59:22: error: cannot find 'RegisterEventHotKey' in scope
        let status = RegisterEventHotKey(
                     ^~~~~~~~~~~~~~~~~~~
/Users/mac/Downloads/Launchpad_Back/Launchpad_Back/Services/HotKeyManager.swift:62:13: error: cannot find 'EventHotKeyID' in scope
            EventHotKeyID(signature: eventClass, id: hotKeyID),
            ^~~~~~~~~~~~~
/Users/mac/Downloads/Launchpad_Back/Launchpad_Back/Services/HotKeyManager.swift:63:13: error: cannot find 'GetApplicationEventTarget' in scope
            GetApplicationEventTarget(),
            ^~~~~~~~~~~~~~~~~~~~~~~~~
/Users/mac/Downloads/Launchpad_Back/Launchpad_Back/Services/HotKeyManager.swift:65:13: error: 'nil' requires a contextual type
            nil
            ^
/Users/mac/Downloads/Launchpad_Back/Launchpad_Back/Services/HotKeyManager.swift:106:31: error: cannot find 'EventHotKeyID' in scope
        let hotKeySignature = EventHotKeyID(signature: eventClass, id: hotKeyID)
                              ^~~~~~~~~~~~~
/Users/mac/Downloads/Launchpad_Back/Launchpad_Back/Services/HotKeyManager.swift:107:22: error: cannot find 'UnregisterEventHotKey' in scope
        let status = UnregisterEventHotKey(EventHotKeyRef(bitPattern: hotKeyID))
                     ^~~~~~~~~~~~~~~~~~~~~
/Users/mac/Downloads/Launchpad_Back/Launchpad_Back/Services/HotKeyManager.swift:107:44: error: cannot find 'EventHotKeyRef' in scope
        let status = UnregisterEventHotKey(EventHotKeyRef(bitPattern: hotKeyID))
                                           ^~~~~~~~~~~~~~
/Users/mac/Downloads/Launchpad_Back/Launchpad_Back/Services/HotKeyManager.swift:120:35: error: cannot find 'EventHotKeyID' in scope
            let hotKeySignature = EventHotKeyID(signature: eventClass, id: hotKeyID)
                                  ^~~~~~~~~~~~~
/Users/mac/Downloads/Launchpad_Back/Launchpad_Back/Services/HotKeyManager.swift:121:26: error: cannot find 'UnregisterEventHotKey' in scope
            let status = UnregisterEventHotKey(EventHotKeyRef(bitPattern: hotKeyID))
                         ^~~~~~~~~~~~~~~~~~~~~
/Users/mac/Downloads/Launchpad_Back/Launchpad_Back/Services/HotKeyManager.swift:121:48: error: cannot find 'EventHotKeyRef' in scope
            let status = UnregisterEventHotKey(EventHotKeyRef(bitPattern: hotKeyID))
                                               ^~~~~~~~~~~~~~
/Users/mac/Downloads/Launchpad_Back/Launchpad_Back/Services/HotKeyManager.swift:137:25: error: cannot find 'EventTypeSpec' in scope
        var eventType = EventTypeSpec(
                        ^~~~~~~~~~~~~
/Users/mac/Downloads/Launchpad_Back/Launchpad_Back/Services/HotKeyManager.swift:142:22: error: cannot find 'InstallEventHandler' in scope
        let status = InstallEventHandler(
                     ^~~~~~~~~~~~~~~~~~~
/Users/mac/Downloads/Launchpad_Back/Launchpad_Back/Services/HotKeyManager.swift:143:13: error: cannot find 'GetApplicationEventTarget' in scope
            GetApplicationEventTarget(),
            ^~~~~~~~~~~~~~~~~~~~~~~~~
/Users/mac/Downloads/Launchpad_Back/Launchpad_Back/Services/HotKeyManager.swift:171:24: error: cannot find 'EventHotKeyID' in scope
        var hotKeyID = EventHotKeyID()
                       ^~~~~~~~~~~~~
/Users/mac/Downloads/Launchpad_Back/Launchpad_Back/Services/HotKeyManager.swift:172:22: error: cannot find 'GetEventParameter' in scope
        let status = GetEventParameter(
                     ^~~~~~~~~~~~~~~~~
/Users/mac/Downloads/Launchpad_Back/Launchpad_Back/Services/HotKeyManager.swift:174:13: error: cannot find 'EventParamName' in scope
            EventParamName(kEventParamDirectObject),
            ^~~~~~~~~~~~~~
/Users/mac/Downloads/Launchpad_Back/Launchpad_Back/Services/HotKeyManager.swift:175:13: error: cannot find 'EventParamType' in scope
            EventParamType(typeEventHotKeyID),
            ^~~~~~~~~~~~~~
/Users/mac/Downloads/Launchpad_Back/Launchpad_Back/Services/HotKeyManager.swift:177:26: error: cannot find type 'EventHotKeyID' in scope
            MemoryLayout<EventHotKeyID>.size,
                         ^~~~~~~~~~~~~
/Users/mac/Downloads/Launchpad_Back/Launchpad_Back/Services/HotKeyManager.swift:176:13: error: 'nil' requires a contextual type
            nil,
            ^
/Users/mac/Downloads/Launchpad_Back/Launchpad_Back/Services/HotKeyManager.swift:178:13: error: 'nil' requires a contextual type
            nil,
            ^
/Users/mac/Downloads/Launchpad_Back/Launchpad_Back/Services/HotKeyManager.swift:227:13: error: cannot find 'RemoveEventHandler' in scope
            RemoveEventHandler(eventRef)
            ^~~~~~~~~~~~~~~~~~
/Users/mac/Downloads/Launchpad_Back/Launchpad_Back/Services/PinchGestureRecognizer.swift:96:9: error: switch must be exhaustive
        switch phase {
        ^
/Users/mac/Downloads/Launchpad_Back/Launchpad_Back/Services/PinchGestureRecognizer.swift:148:18: note: remove '@unknown' to handle remaining values
        @unknown default:
        ~~~~~~~~~^
        
/Users/mac/Downloads/Launchpad_Back/Launchpad_Back/Services/SwipeGestureRecognizer.swift:101:9: error: switch must be exhaustive
        switch event.phase {
        ^
/Users/mac/Downloads/Launchpad_Back/Launchpad_Back/Services/SwipeGestureRecognizer.swift:133:18: note: remove '@unknown' to handle remaining values
        @unknown default:
        ~~~~~~~~~^
        
/Users/mac/Downloads/Launchpad_Back/Launchpad_Back/Services/SwipeGestureRecognizer.swift:198:9: error: switch must be exhaustive
        switch self {
        ^
/Users/mac/Downloads/Launchpad_Back/Launchpad_Back/Services/SwipeGestureRecognizer.swift:211:18: note: remove '@unknown' to handle remaining values
        @unknown default:
        ~~~~~~~~~^
        
/Users/mac/Downloads/Launchpad_Back/Launchpad_Back/ViewModels/LaunchpadViewModel.swift:142:27: warning: immutable value 'latestFolder' was never used; consider replacing with '_' or removing it
                guard let latestFolder = foldersById.removeValue(forKey: folder.id),
                      ~~~~^~~~~~~~~~~~
                      _
/Users/mac/Downloads/Launchpad_Back/Launchpad_Back/Views/AppIconView.swift:358:23: error: value of type 'AppItem' has no member 'isHidden'
            Label(app.isHidden ? "在 Launchpad 中顯示" : "從 Launchpad 中隱藏", systemImage: app.isHidden ? "eye" : "eye.slash")
/Users/mac/Downloads/Launchpad_Back/Launchpad_Back/Views/AppIconView.swift:358:106: error: value of type 'AppItem' has no member 'isHidden'
            Label(app.isHidden ? "在 Launchpad 中顯示" : "從 Launchpad 中隱藏", systemImage: app.isHidden ? "eye" : "eye.slash")
/Users/mac/Downloads/Launchpad_Back/Launchpad_Back/Views/HotkeySettingsView.swift:11:46: error: cannot find 'HotkeyManager' in scope
    @StateObject private var hotkeyManager = HotkeyManager.shared
                                             ^~~~~~~~~~~~~
/Users/mac/Downloads/Launchpad_Back/Launchpad_Back/Views/HotkeySettingsView.swift:12:41: error: cannot find type 'HotkeyType' in scope
    @State private var recordingHotkey: HotkeyType?
                                        ^~~~~~~~~~
/Users/mac/Downloads/Launchpad_Back/Launchpad_Back/Views/HotkeySettingsView.swift:102:41: error: cannot find type 'HotkeyType' in scope
    private func startRecording(_ type: HotkeyType) {
                                        ^~~~~~~~~~
/Users/mac/Downloads/Launchpad_Back/Launchpad_Back/Views/HotkeySettingsView.swift:147:17: error: cannot find type 'Hotkey' in scope
    let hotkey: Hotkey
                ^~~~~~
/Users/mac/Downloads/Launchpad_Back/Launchpad_Back/Views/HotkeySettingsView.swift:36:73: error: cannot find 'Hotkey' in scope
                        hotkey: hotkeyManager.hotkeys[.toggleWindow] ?? Hotkey(key: .none, modifiers: []),
                                                                        ^~~~~~
/Users/mac/Downloads/Launchpad_Back/Launchpad_Back/Views/HotkeySettingsView.swift:43:73: error: cannot find 'Hotkey' in scope
                        hotkey: hotkeyManager.hotkeys[.previousPage] ?? Hotkey(key: .none, modifiers: []),
                                                                        ^~~~~~
/Users/mac/Downloads/Launchpad_Back/Launchpad_Back/Views/HotkeySettingsView.swift:50:69: error: cannot find 'Hotkey' in scope
                        hotkey: hotkeyManager.hotkeys[.nextPage] ?? Hotkey(key: .none, modifiers: []),
                                                                    ^~~~~~
/Users/mac/Downloads/Launchpad_Back/Launchpad_Back/Views/HotkeySettingsView.swift:57:71: error: cannot find 'Hotkey' in scope
                        hotkey: hotkeyManager.hotkeys[.hideWindow] ?? Hotkey(key: .none, modifiers: []),
                                                                      ^~~~~~
/Users/mac/Downloads/Launchpad_Back/Launchpad_Back/Views/HotkeySettingsView.swift:64:68: error: cannot find 'Hotkey' in scope
                        hotkey: hotkeyManager.hotkeys[.quitApp] ?? Hotkey(key: .none, modifiers: []),
                                                                   ^~~~~~
/Users/mac/Downloads/Launchpad_Back/Launchpad_Back/Views/HotkeySettingsView.swift:38:50: error: cannot infer contextual base in reference to member 'toggleWindow'
                        onTap: { startRecording(.toggleWindow) }
                                                ~^~~~~~~~~~~~
/Users/mac/Downloads/Launchpad_Back/Launchpad_Back/Views/HotkeySettingsView.swift:36:86: error: cannot infer contextual base in reference to member 'none'
                        hotkey: hotkeyManager.hotkeys[.toggleWindow] ?? Hotkey(key: .none, modifiers: []),
                                                                                    ~^~~~
/Users/mac/Downloads/Launchpad_Back/Launchpad_Back/Views/HotkeySettingsView.swift:36:56: error: cannot infer contextual base in reference to member 'toggleWindow'
                        hotkey: hotkeyManager.hotkeys[.toggleWindow] ?? Hotkey(key: .none, modifiers: []),
                                                      ~^~~~~~~~~~~~
/Users/mac/Downloads/Launchpad_Back/Launchpad_Back/Views/HotkeySettingsView.swift:37:58: error: cannot infer contextual base in reference to member 'toggleWindow'
                        isRecording: recordingHotkey == .toggleWindow,
                                                        ~^~~~~~~~~~~~
/Users/mac/Downloads/Launchpad_Back/Launchpad_Back/Views/HotkeySettingsView.swift:114:29: error: cannot find 'Hotkey' in scope
            let newHotkey = Hotkey(key: KeyCode(rawValue: keyCode) ?? .none, modifiers: modifiers)
                            ^~~~~~
/Users/mac/Downloads/Launchpad_Back/Launchpad_Back/Views/HotkeySettingsView.swift:114:41: error: cannot find 'KeyCode' in scope
            let newHotkey = Hotkey(key: KeyCode(rawValue: keyCode) ?? .none, modifiers: modifiers)
                                        ^~~~~~~
/Users/mac/Downloads/Launchpad_Back/Launchpad_Back/Views/HotkeySettingsView.swift:199:39: error: cannot infer contextual base in reference to member 'command'
        if hotkey.modifiers.contains(.command) {
                                     ~^~~~~~~
/Users/mac/Downloads/Launchpad_Back/Launchpad_Back/Views/HotkeySettingsView.swift:202:39: error: cannot infer contextual base in reference to member 'option'
        if hotkey.modifiers.contains(.option) {
                                     ~^~~~~~
/Users/mac/Downloads/Launchpad_Back/Launchpad_Back/Views/HotkeySettingsView.swift:205:39: error: cannot infer contextual base in reference to member 'control'
        if hotkey.modifiers.contains(.control) {
                                     ~^~~~~~~
/Users/mac/Downloads/Launchpad_Back/Launchpad_Back/Views/HotkeySettingsView.swift:208:39: error: cannot infer contextual base in reference to member 'shift'
        if hotkey.modifiers.contains(.shift) {
                                     ~^~~~~
/Users/mac/Downloads/Launchpad_Back/Launchpad_Back/Views/HotkeySettingsView.swift:249:20: error: cannot find 'LMGetKbdType' in scope
            UInt32(LMGetKbdType()),
                   ^~~~~~~~~~~~
/Users/mac/Downloads/Launchpad_Back/Launchpad_Back/Views/HotkeySettingsView.swift:245:13: error: cannot convert value of type 'UInt32' to expected argument type 'UnsafePointer<UCKeyboardLayout>'
            keyboardType,
            ^
/Users/mac/Downloads/Launchpad_Back/Launchpad_Back/Views/HotkeySettingsView.swift:246:13: error: cannot convert value of type 'UInt32' to expected argument type 'UInt16'
            keyCode,
            ^
            UInt16()
/Users/mac/Downloads/Launchpad_Back/Launchpad_Back/Views/HotkeySettingsView.swift:247:13: error: cannot convert value of type 'UInt32' to expected argument type 'UInt16'
            UInt32(kUCKeyActionDisplay),
            ^
            UInt16(                    )
/Users/mac/Downloads/Launchpad_Back/Launchpad_Back/Views/HotkeySettingsView.swift:251:13: error: cannot convert value of type 'UnsafeMutablePointer<Int>' to expected argument type 'UnsafeMutablePointer<UInt32>'
            &length,
            ^
/Users/mac/Downloads/Launchpad_Back/Launchpad_Back/Views/HotkeySettingsView.swift:251:13: note: arguments to generic parameter 'Pointee' ('Int' and 'UInt32') are expected to be equal
            &length,
            ^
/Users/mac/Downloads/Launchpad_Back/Launchpad_Back/Views/HotkeySettingsView.swift:253:13: error: cannot convert value of type 'UnsafeMutablePointer<UniChar>' (aka 'UnsafeMutablePointer<UInt16>') to expected argument type 'UnsafeMutablePointer<Int>'
            &chars,
            ^
/Users/mac/Downloads/Launchpad_Back/Launchpad_Back/Views/HotkeySettingsView.swift:253:13: note: arguments to generic parameter 'Pointee' ('UniChar' (aka 'UInt16') and 'Int') are expected to be equal
            &chars,
            ^

Failed frontend command:
/Applications/Xcode.app/Contents/Developer/Toolchains/XcodeDefault.xctoolchain/usr/bin/swift-frontend -frontend -c /Users/mac/Downloads/Launchpad_Back/Launchpad_Back/Models/AppItem.swift /Users/mac/Downloads/Launchpad_Back/Launchpad_Back/Services/AppIconCache.swift /Users/mac/Downloads/Launchpad_Back/Launchpad_Back/Services/AppIconResolver.swift /Users/mac/Downloads/Launchpad_Back/Launchpad_Back/Services/AppLauncherService.swift /Users/mac/Downloads/Launchpad_Back/Launchpad_Back/Services/AppScannerService.swift /Users/mac/Downloads/Launchpad_Back/Launchpad_Back/Services/DisplayManager.swift /Users/mac/Downloads/Launchpad_Back/Launchpad_Back/Services/GestureManager.swift /Users/mac/Downloads/Launchpad_Back/Launchpad_Back/Services/GridLayoutManager.swift /Users/mac/Downloads/Launchpad_Back/Launchpad_Back/Services/GridScreenLayout.swift /Users/mac/Downloads/Launchpad_Back/Launchpad_Back/Services/HotKeyManager.swift /Users/mac/Downloads/Launchpad_Back/Launchpad_Back/Services/KeyboardEventManager.swift /Users/mac/Downloads/Launchpad_Back/Launchpad_Back/Services/Logger.swift /Users/mac/Downloads/Launchpad_Back/Launchpad_Back/Services/PinchGestureRecognizer.swift /Users/mac/Downloads/Launchpad_Back/Launchpad_Back/Services/SwipeGestureRecognizer.swift /Users/mac/Downloads/Launchpad_Back/Launchpad_Back/Settings/UserPreferences.swift /Users/mac/Downloads/Launchpad_Back/Launchpad_Back/ViewModels/EditModeManager.swift /Users/mac/Downloads/Launchpad_Back/Launchpad_Back/ViewModels/LaunchpadViewModel.swift /Users/mac/Downloads/Launchpad_Back/Launchpad_Back/ViewModels/PaginationViewModel.swift /Users/mac/Downloads/Launchpad_Back/Launchpad_Back/ViewModels/SearchViewModel.swift /Users/mac/Downloads/Launchpad_Back/Launchpad_Back/Views/AppIconView.swift /Users/mac/Downloads/Launchpad_Back/Launchpad_Back/Views/BackgroundView.swift /Users/mac/Downloads/Launchpad_Back/Launchpad_Back/Views/FolderExpandedView.swift /Users/mac/Downloads/Launchpad_Back/Launchpad_Back/Views/HotkeySettingsView.swift /Users/mac/Downloads/Launchpad_Back/Launchpad_Back/Views/PageIndicatorView.swift /Users/mac/Downloads/Launchpad_Back/Launchpad_Back/Views/SearchBarView.swift /Users/mac/Downloads/Launchpad_Back/Launchpad_Back/Views/VerticalScrollView.swift /Users/mac/Downloads/Launchpad_Back/Launchpad_Back/ContentView.swift /Users/mac/Downloads/Launchpad_Back/Launchpad_Back/Launchpad_BackApp.swift /Users/mac/Library/Developer/Xcode/DerivedData/Launchpad_Back-beilzzhljvfrasdrlnvmjuxllbdr/Build/Intermediates.noindex/Launchpad_Back.build/Release/Launchpad_Back.build/DerivedSources/GeneratedAssetSymbols.swift -supplementary-output-file-map /Users/mac/Library/Developer/Xcode/DerivedData/Launchpad_Back-beilzzhljvfrasdrlnvmjuxllbdr/Build/Intermediates.noindex/Launchpad_Back.build/Release/Launchpad_Back.build/Objects-normal/arm64/supplementaryOutputs-1 -emit-localized-strings -emit-localized-strings-path /Users/mac/Library/Developer/Xcode/DerivedData/Launchpad_Back-beilzzhljvfrasdrlnvmjuxllbdr/Build/Intermediates.noindex/Launchpad_Back.build/Release/Launchpad_Back.build/Objects-normal/arm64 -target arm64-apple-macos15.6 -module-can-import-version AppKit 2685.60.104 2685.60.104 -module-can-import-version DeveloperToolsSupport 23.40.26 23.40.26 -module-can-import-version SwiftUI 7.5.3 7.5.3 -load-resolved-plugin /Applications/Xcode.app/Contents/Developer/Platforms/MacOSX.platform/Developer/usr/lib/swift/host/plugins/libFoundationMacros.dylib\#/Applications/Xcode.app/Contents/Developer/Platforms/MacOSX.platform/Developer/usr/bin/swift-plugin-server\#FoundationMacros -load-resolved-plugin /Applications/Xcode.app/Contents/Developer/Platforms/MacOSX.platform/Developer/usr/lib/swift/host/plugins/libObservationMacros.dylib\#/Applications/Xcode.app/Contents/Developer/Platforms/MacOSX.platform/Developer/usr/bin/swift-plugin-server\#ObservationMacros -load-resolved-plugin /Applications/Xcode.app/Contents/Developer/Platforms/MacOSX.platform/Developer/usr/lib/swift/host/plugins/libPreviewsMacros.dylib\#/Applications/Xcode.app/Contents/Developer/Platforms/MacOSX.platform/Developer/usr/bin/swift-plugin-server\#PreviewsMacros -load-resolved-plugin /Applications/Xcode.app/Contents/Developer/Platforms/MacOSX.platform/Developer/usr/lib/swift/host/plugins/libSwiftMacros.dylib\#/Applications/Xcode.app/Contents/Developer/Platforms/MacOSX.platform/Developer/usr/bin/swift-plugin-server\#SwiftMacros -load-resolved-plugin /Applications/Xcode.app/Contents/Developer/Platforms/MacOSX.platform/Developer/usr/lib/swift/host/plugins/libSwiftUIMacros.dylib\#/Applications/Xcode.app/Contents/Developer/Platforms/MacOSX.platform/Developer/usr/bin/swift-plugin-server\#SwiftUIMacros -disable-implicit-swift-modules -Xcc -fno-implicit-modules -Xcc -fno-implicit-module-maps -explicit-swift-module-map-file /Users/mac/Library/Developer/Xcode/DerivedData/Launchpad_Back-beilzzhljvfrasdrlnvmjuxllbdr/Build/Intermediates.noindex/Launchpad_Back.build/Release/Launchpad_Back.build/Objects-normal/arm64/Launchpad_Back-dependencies-1.json -debug-module-path /Users/mac/Library/Developer/Xcode/DerivedData/Launchpad_Back-beilzzhljvfrasdrlnvmjuxllbdr/Build/Intermediates.noindex/Launchpad_Back.build/Release/Launchpad_Back.build/Objects-normal/arm64/Launchpad_Back.swiftmodule -Xllvm -aarch64-use-tbi -enable-objc-interop -stack-check -sdk /Applications/Xcode.app/Contents/Developer/Platforms/MacOSX.platform/Developer/SDKs/MacOSX26.5.sdk -I /Users/mac/Library/Developer/Xcode/DerivedData/Launchpad_Back-beilzzhljvfrasdrlnvmjuxllbdr/Build/Products/Release -F /Users/mac/Library/Developer/Xcode/DerivedData/Launchpad_Back-beilzzhljvfrasdrlnvmjuxllbdr/Build/Products/Release -no-color-diagnostics -Xcc -fno-color-diagnostics -g -debug-info-format\=dwarf -dwarf-version\=5 -module-cache-path /Users/mac/Library/Developer/Xcode/DerivedData/Launchpad_Back-beilzzhljvfrasdrlnvmjuxllbdr/Build/Intermediates.noindex/SwiftExplicitPrecompiledModules -profile-generate -profile-coverage-mapping -swift-version 5 -O -serialize-debugging-options -const-gather-protocols-file /Users/mac/Library/Developer/Xcode/DerivedData/Launchpad_Back-beilzzhljvfrasdrlnvmjuxllbdr/Build/Intermediates.noindex/Launchpad_Back.build/Release/Launchpad_Back.build/Objects-normal/arm64/Launchpad_Back_const_extract_protocols.json -enable-upcoming-feature MemberImportVisibility -enable-experimental-feature DebugDescriptionMacro -enable-bare-slash-regex -default-isolation\=MainActor -empty-abi-descriptor -validate-clang-modules-once -clang-build-session-file /Users/mac/Library/Developer/Xcode/DerivedData/ModuleCache.noindex/Session.modulevalidation -Xcc -working-directory -Xcc /Users/mac/Downloads/Launchpad_Back -file-compilation-dir /Users/mac/Downloads/Launchpad_Back -Xcc -ivfsstatcache -Xcc /Users/mac/Library/Developer/Xcode/DerivedData/SDKStatCaches.noindex/macosx26.5-25F70-688ef53f1462e2c8f657fdc38a81448fe082c4a02f00227109f4ed75e425c832.sdkstatcache -Xcc -I/Users/mac/Library/Developer/Xcode/DerivedData/Launchpad_Back-beilzzhljvfrasdrlnvmjuxllbdr/Build/Intermediates.noindex/Launchpad_Back.build/Release/Launchpad_Back.build/swift-overrides.hmap -Xcc -iquote -Xcc /Users/mac/Library/Developer/Xcode/DerivedData/Launchpad_Back-beilzzhljvfrasdrlnvmjuxllbdr/Build/Intermediates.noindex/Launchpad_Back.build/Release/Launchpad_Back.build/Launchpad_Back-generated-files.hmap -Xcc -I/Users/mac/Library/Developer/Xcode/DerivedData/Launchpad_Back-beilzzhljvfrasdrlnvmjuxllbdr/Build/Intermediates.noindex/Launchpad_Back.build/Release/Launchpad_Back.build/Launchpad_Back-own-target-headers.hmap -Xcc -I/Users/mac/Library/Developer/Xcode/DerivedData/Launchpad_Back-beilzzhljvfrasdrlnvmjuxllbdr/Build/Intermediates.noindex/Launchpad_Back.build/Release/Launchpad_Back.build/Launchpad_Back-all-target-headers.hmap -Xcc -iquote -Xcc /Users/mac/Library/Developer/Xcode/DerivedData/Launchpad_Back-beilzzhljvfrasdrlnvmjuxllbdr/Build/Intermediates.noindex/Launchpad_Back.build/Release/Launchpad_Back.build/Launchpad_Back-project-headers.hmap -Xcc -I/Users/mac/Library/Developer/Xcode/DerivedData/Launchpad_Back-beilzzhljvfrasdrlnvmjuxllbdr/Build/Products/Release/include -Xcc -I/Users/mac/Library/Developer/Xcode/DerivedData/Launchpad_Back-beilzzhljvfrasdrlnvmjuxllbdr/Build/Intermediates.noindex/Launchpad_Back.build/Release/Launchpad_Back.build/DerivedSources-normal/arm64 -Xcc -I/Users/mac/Library/Developer/Xcode/DerivedData/Launchpad_Back-beilzzhljvfrasdrlnvmjuxllbdr/Build/Intermediates.noindex/Launchpad_Back.build/Release/Launchpad_Back.build/DerivedSources/arm64 -Xcc -I/Users/mac/Library/Developer/Xcode/DerivedData/Launchpad_Back-beilzzhljvfrasdrlnvmjuxllbdr/Build/Intermediates.noindex/Launchpad_Back.build/Release/Launchpad_Back.build/DerivedSources -no-auto-bridging-header-chaining -module-name Launchpad_Back -frontend-parseable-output -disable-clang-spi -clang-target arm64-apple-macos26.5 -target-sdk-version 26.5 -target-sdk-name macosx26.5 -in-process-plugin-server-path /Applications/Xcode.app/Contents/Developer/Toolchains/XcodeDefault.xctoolchain/usr/lib/swift/host/libSwiftInProcPluginServer.dylib -enable-default-cmo -num-threads 8 -o /Users/mac/Library/Developer/Xcode/DerivedData/Launchpad_Back-beilzzhljvfrasdrlnvmjuxllbdr/Build/Intermediates.noindex/Launchpad_Back.build/Release/Launchpad_Back.build/Objects-normal/arm64/AppItem.o -o /Users/mac/Library/Developer/Xcode/DerivedData/Launchpad_Back-beilzzhljvfrasdrlnvmjuxllbdr/Build/Intermediates.noindex/Launchpad_Back.build/Release/Launchpad_Back.build/Objects-normal/arm64/AppIconCache.o -o /Users/mac/Library/Developer/Xcode/DerivedData/Launchpad_Back-beilzzhljvfrasdrlnvmjuxllbdr/Build/Intermediates.noindex/Launchpad_Back.build/Release/Launchpad_Back.build/Objects-normal/arm64/AppIconResolver.o -o /Users/mac/Library/Developer/Xcode/DerivedData/Launchpad_Back-beilzzhljvfrasdrlnvmjuxllbdr/Build/Intermediates.noindex/Launchpad_Back.build/Release/Launchpad_Back.build/Objects-normal/arm64/AppLauncherService.o -o /Users/mac/Library/Developer/Xcode/DerivedData/Launchpad_Back-beilzzhljvfrasdrlnvmjuxllbdr/Build/Intermediates.noindex/Launchpad_Back.build/Release/Launchpad_Back.build/Objects-normal/arm64/AppScannerService.o -o /Users/mac/Library/Developer/Xcode/DerivedData/Launchpad_Back-beilzzhljvfrasdrlnvmjuxllbdr/Build/Intermediates.noindex/Launchpad_Back.build/Release/Launchpad_Back.build/Objects-normal/arm64/DisplayManager.o -o /Users/mac/Library/Developer/Xcode/DerivedData/Launchpad_Back-beilzzhljvfrasdrlnvmjuxllbdr/Build/Intermediates.noindex/Launchpad_Back.build/Release/Launchpad_Back.build/Objects-normal/arm64/GestureManager.o -o /Users/mac/Library/Developer/Xcode/DerivedData/Launchpad_Back-beilzzhljvfrasdrlnvmjuxllbdr/Build/Intermediates.noindex/Launchpad_Back.build/Release/Launchpad_Back.build/Objects-normal/arm64/GridLayoutManager.o -o /Users/mac/Library/Developer/Xcode/DerivedData/Launchpad_Back-beilzzhljvfrasdrlnvmjuxllbdr/Build/Intermediates.noindex/Launchpad_Back.build/Release/Launchpad_Back.build/Objects-normal/arm64/GridScreenLayout.o -o /Users/mac/Library/Developer/Xcode/DerivedData/Launchpad_Back-beilzzhljvfrasdrlnvmjuxllbdr/Build/Intermediates.noindex/Launchpad_Back.build/Release/Launchpad_Back.build/Objects-normal/arm64/HotKeyManager.o -o /Users/mac/Library/Developer/Xcode/DerivedData/Launchpad_Back-beilzzhljvfrasdrlnvmjuxllbdr/Build/Intermediates.noindex/Launchpad_Back.build/Release/Launchpad_Back.build/Objects-normal/arm64/KeyboardEventManager.o -o /Users/mac/Library/Developer/Xcode/DerivedData/Launchpad_Back-beilzzhljvfrasdrlnvmjuxllbdr/Build/Intermediates.noindex/Launchpad_Back.build/Release/Launchpad_Back.build/Objects-normal/arm64/Logger.o -o /Users/mac/Library/Developer/Xcode/DerivedData/Launchpad_Back-beilzzhljvfrasdrlnvmjuxllbdr/Build/Intermediates.noindex/Launchpad_Back.build/Release/Launchpad_Back.build/Objects-normal/arm64/PinchGestureRecognizer.o -o /Users/mac/Library/Developer/Xcode/DerivedData/Launchpad_Back-beilzzhljvfrasdrlnvmjuxllbdr/Build/Intermediates.noindex/Launchpad_Back.build/Release/Launchpad_Back.build/Objects-normal/arm64/SwipeGestureRecognizer.o -o /Users/mac/Library/Developer/Xcode/DerivedData/Launchpad_Back-beilzzhljvfrasdrlnvmjuxllbdr/Build/Intermediates.noindex/Launchpad_Back.build/Release/Launchpad_Back.build/Objects-normal/arm64/UserPreferences.o -o /Users/mac/Library/Developer/Xcode/DerivedData/Launchpad_Back-beilzzhljvfrasdrlnvmjuxllbdr/Build/Intermediates.noindex/Launchpad_Back.build/Release/Launchpad_Back.build/Objects-normal/arm64/EditModeManager.o -o /Users/mac/Library/Developer/Xcode/DerivedData/Launchpad_Back-beilzzhljvfrasdrlnvmjuxllbdr/Build/Intermediates.noindex/Launchpad_Back.build/Release/Launchpad_Back.build/Objects-normal/arm64/LaunchpadViewModel.o -o /Users/mac/Library/Developer/Xcode/DerivedData/Launchpad_Back-beilzzhljvfrasdrlnvmjuxllbdr/Build/Intermediates.noindex/Launchpad_Back.build/Release/Launchpad_Back.build/Objects-normal/arm64/PaginationViewModel.o -o /Users/mac/Library/Developer/Xcode/DerivedData/Launchpad_Back-beilzzhljvfrasdrlnvmjuxllbdr/Build/Intermediates.noindex/Launchpad_Back.build/Release/Launchpad_Back.build/Objects-normal/arm64/SearchViewModel.o -o /Users/mac/Library/Developer/Xcode/DerivedData/Launchpad_Back-beilzzhljvfrasdrlnvmjuxllbdr/Build/Intermediates.noindex/Launchpad_Back.build/Release/Launchpad_Back.build/Objects-normal/arm64/AppIconView.o -o /Users/mac/Library/Developer/Xcode/DerivedData/Launchpad_Back-beilzzhljvfrasdrlnvmjuxllbdr/Build/Intermediates.noindex/Launchpad_Back.build/Release/Launchpad_Back.build/Objects-normal/arm64/BackgroundView.o -o /Users/mac/Library/Developer/Xcode/DerivedData/Launchpad_Back-beilzzhljvfrasdrlnvmjuxllbdr/Build/Intermediates.noindex/Launchpad_Back.build/Release/Launchpad_Back.build/Objects-normal/arm64/FolderExpandedView.o -o /Users/mac/Library/Developer/Xcode/DerivedData/Launchpad_Back-beilzzhljvfrasdrlnvmjuxllbdr/Build/Intermediates.noindex/Launchpad_Back.build/Release/Launchpad_Back.build/Objects-normal/arm64/HotkeySettingsView.o -o /Users/mac/Library/Developer/Xcode/DerivedData/Launchpad_Back-beilzzhljvfrasdrlnvmjuxllbdr/Build/Intermediates.noindex/Launchpad_Back.build/Release/Launchpad_Back.build/Objects-normal/arm64/PageIndicatorView.o -o /Users/mac/Library/Developer/Xcode/DerivedData/Launchpad_Back-beilzzhljvfrasdrlnvmjuxllbdr/Build/Intermediates.noindex/Launchpad_Back.build/Release/Launchpad_Back.build/Objects-normal/arm64/SearchBarView.o -o /Users/mac/Library/Developer/Xcode/DerivedData/Launchpad_Back-beilzzhljvfrasdrlnvmjuxllbdr/Build/Intermediates.noindex/Launchpad_Back.build/Release/Launchpad_Back.build/Objects-normal/arm64/VerticalScrollView.o -o /Users/mac/Library/Developer/Xcode/DerivedData/Launchpad_Back-beilzzhljvfrasdrlnvmjuxllbdr/Build/Intermediates.noindex/Launchpad_Back.build/Release/Launchpad_Back.build/Objects-normal/arm64/ContentView.o -o /Users/mac/Library/Developer/Xcode/DerivedData/Launchpad_Back-beilzzhljvfrasdrlnvmjuxllbdr/Build/Intermediates.noindex/Launchpad_Back.build/Release/Launchpad_Back.build/Objects-normal/arm64/Launchpad_BackApp.o -o /Users/mac/Library/Developer/Xcode/DerivedData/Launchpad_Back-beilzzhljvfrasdrlnvmjuxllbdr/Build/Intermediates.noindex/Launchpad_Back.build/Release/Launchpad_Back.build/Objects-normal/arm64/GeneratedAssetSymbols.o -index-unit-output-path /Launchpad_Back.build/Release/Launchpad_Back.build/Objects-normal/arm64/AppItem.o -index-unit-output-path /Launchpad_Back.build/Release/Launchpad_Back.build/Objects-normal/arm64/AppIconCache.o -index-unit-output-path /Launchpad_Back.build/Release/Launchpad_Back.build/Objects-normal/arm64/AppIconResolver.o -index-unit-output-path /Launchpad_Back.build/Release/Launchpad_Back.build/Objects-normal/arm64/AppLauncherService.o -index-unit-output-path /Launchpad_Back.build/Release/Launchpad_Back.build/Objects-normal/arm64/AppScannerService.o -index-unit-output-path /Launchpad_Back.build/Release/Launchpad_Back.build/Objects-normal/arm64/DisplayManager.o -index-unit-output-path /Launchpad_Back.build/Release/Launchpad_Back.build/Objects-normal/arm64/GestureManager.o -index-unit-output-path /Launchpad_Back.build/Release/Launchpad_Back.build/Objects-normal/arm64/GridLayoutManager.o -index-unit-output-path /Launchpad_Back.build/Release/Launchpad_Back.build/Objects-normal/arm64/GridScreenLayout.o -index-unit-output-path /Launchpad_Back.build/Release/Launchpad_Back.build/Objects-normal/arm64/HotKeyManager.o -index-unit-output-path /Launchpad_Back.build/Release/Launchpad_Back.build/Objects-normal/arm64/KeyboardEventManager.o -index-unit-output-path /Launchpad_Back.build/Release/Launchpad_Back.build/Objects-normal/arm64/Logger.o -index-unit-output-path /Launchpad_Back.build/Release/Launchpad_Back.build/Objects-normal/arm64/PinchGestureRecognizer.o -index-unit-output-path /Launchpad_Back.build/Release/Launchpad_Back.build/Objects-normal/arm64/SwipeGestureRecognizer.o -index-unit-output-path /Launchpad_Back.build/Release/Launchpad_Back.build/Objects-normal/arm64/UserPreferences.o -index-unit-output-path /Launchpad_Back.build/Release/Launchpad_Back.build/Objects-normal/arm64/EditModeManager.o -index-unit-output-path /Launchpad_Back.build/Release/Launchpad_Back.build/Objects-normal/arm64/LaunchpadViewModel.o -index-unit-output-path /Launchpad_Back.build/Release/Launchpad_Back.build/Objects-normal/arm64/PaginationViewModel.o -index-unit-output-path /Launchpad_Back.build/Release/Launchpad_Back.build/Objects-normal/arm64/SearchViewModel.o -index-unit-output-path /Launchpad_Back.build/Release/Launchpad_Back.build/Objects-normal/arm64/AppIconView.o -index-unit-output-path /Launchpad_Back.build/Release/Launchpad_Back.build/Objects-normal/arm64/BackgroundView.o -index-unit-output-path /Launchpad_Back.build/Release/Launchpad_Back.build/Objects-normal/arm64/FolderExpandedView.o -index-unit-output-path /Launchpad_Back.build/Release/Launchpad_Back.build/Objects-normal/arm64/HotkeySettingsView.o -index-unit-output-path /Launchpad_Back.build/Release/Launchpad_Back.build/Objects-normal/arm64/PageIndicatorView.o -index-unit-output-path /Launchpad_Back.build/Release/Launchpad_Back.build/Objects-normal/arm64/SearchBarView.o -index-unit-output-path /Launchpad_Back.build/Release/Launchpad_Back.build/Objects-normal/arm64/VerticalScrollView.o -index-unit-output-path /Launchpad_Back.build/Release/Launchpad_Back.build/Objects-normal/arm64/ContentView.o -index-unit-output-path /Launchpad_Back.build/Release/Launchpad_Back.build/Objects-normal/arm64/Launchpad_BackApp.o -index-unit-output-path /Launchpad_Back.build/Release/Launchpad_Back.build/Objects-normal/arm64/GeneratedAssetSymbols.o
SwiftDriver\ Compilation Launchpad_Back normal arm64 com.apple.xcode.tools.swift.compiler (in target 'Launchpad_Back' from project 'Launchpad_Back')
    cd /Users/mac/Downloads/Launchpad_Back
    builtin-Swift-Compilation -- /Applications/Xcode.app/Contents/Developer/Toolchains/XcodeDefault.xctoolchain/usr/bin/swiftc -module-name Launchpad_Back -O -whole-module-optimization @/Users/mac/Library/Developer/Xcode/DerivedData/Launchpad_Back-beilzzhljvfrasdrlnvmjuxllbdr/Build/Intermediates.noindex/Launchpad_Back.build/Release/Launchpad_Back.build/Objects-normal/arm64/Launchpad_Back.SwiftFileList -default-isolation\=MainActor -enable-bare-slash-regex -enable-upcoming-feature MemberImportVisibility -enable-experimental-feature DebugDescriptionMacro -sdk /Applications/Xcode.app/Contents/Developer/Platforms/MacOSX.platform/Developer/SDKs/MacOSX26.5.sdk -target arm64-apple-macos15.6 -g -module-cache-path /Users/mac/Library/Developer/Xcode/DerivedData/ModuleCache.noindex -Xfrontend -serialize-debugging-options -profile-coverage-mapping -profile-generate -swift-version 5 -I /Users/mac/Library/Developer/Xcode/DerivedData/Launchpad_Back-beilzzhljvfrasdrlnvmjuxllbdr/Build/Products/Release -F /Users/mac/Library/Developer/Xcode/DerivedData/Launchpad_Back-beilzzhljvfrasdrlnvmjuxllbdr/Build/Products/Release -emit-localized-strings -emit-localized-strings-path /Users/mac/Library/Developer/Xcode/DerivedData/Launchpad_Back-beilzzhljvfrasdrlnvmjuxllbdr/Build/Intermediates.noindex/Launchpad_Back.build/Release/Launchpad_Back.build/Objects-normal/arm64 -c -num-threads 8 -Xcc -ivfsstatcache -Xcc /Users/mac/Library/Developer/Xcode/DerivedData/SDKStatCaches.noindex/macosx26.5-25F70-688ef53f1462e2c8f657fdc38a81448fe082c4a02f00227109f4ed75e425c832.sdkstatcache -output-file-map /Users/mac/Library/Developer/Xcode/DerivedData/Launchpad_Back-beilzzhljvfrasdrlnvmjuxllbdr/Build/Intermediates.noindex/Launchpad_Back.build/Release/Launchpad_Back.build/Objects-normal/arm64/Launchpad_Back-OutputFileMap.json -use-frontend-parseable-output -save-temps -no-color-diagnostics -explicit-module-build -module-cache-path /Users/mac/Library/Developer/Xcode/DerivedData/Launchpad_Back-beilzzhljvfrasdrlnvmjuxllbdr/Build/Intermediates.noindex/SwiftExplicitPrecompiledModules -clang-scanner-module-cache-path /Users/mac/Library/Developer/Xcode/DerivedData/ModuleCache.noindex -sdk-module-cache-path /Users/mac/Library/Developer/Xcode/DerivedData/ModuleCache.noindex -serialize-diagnostics -emit-dependencies -emit-module -emit-module-path /Users/mac/Library/Developer/Xcode/DerivedData/Launchpad_Back-beilzzhljvfrasdrlnvmjuxllbdr/Build/Intermediates.noindex/Launchpad_Back.build/Release/Launchpad_Back.build/Objects-normal/arm64/Launchpad_Back.swiftmodule -validate-clang-modules-once -clang-build-session-file /Users/mac/Library/Developer/Xcode/DerivedData/ModuleCache.noindex/Session.modulevalidation -Xcc -I/Users/mac/Library/Developer/Xcode/DerivedData/Launchpad_Back-beilzzhljvfrasdrlnvmjuxllbdr/Build/Intermediates.noindex/Launchpad_Back.build/Release/Launchpad_Back.build/swift-overrides.hmap -emit-const-values -Xfrontend -const-gather-protocols-file -Xfrontend /Users/mac/Library/Developer/Xcode/DerivedData/Launchpad_Back-beilzzhljvfrasdrlnvmjuxllbdr/Build/Intermediates.noindex/Launchpad_Back.build/Release/Launchpad_Back.build/Objects-normal/arm64/Launchpad_Back_const_extract_protocols.json -Xcc -iquote -Xcc /Users/mac/Library/Developer/Xcode/DerivedData/Launchpad_Back-beilzzhljvfrasdrlnvmjuxllbdr/Build/Intermediates.noindex/Launchpad_Back.build/Release/Launchpad_Back.build/Launchpad_Back-generated-files.hmap -Xcc -I/Users/mac/Library/Developer/Xcode/DerivedData/Launchpad_Back-beilzzhljvfrasdrlnvmjuxllbdr/Build/Intermediates.noindex/Launchpad_Back.build/Release/Launchpad_Back.build/Launchpad_Back-own-target-headers.hmap -Xcc -I/Users/mac/Library/Developer/Xcode/DerivedData/Launchpad_Back-beilzzhljvfrasdrlnvmjuxllbdr/Build/Intermediates.noindex/Launchpad_Back.build/Release/Launchpad_Back.build/Launchpad_Back-all-target-headers.hmap -Xcc -iquote -Xcc /Users/mac/Library/Developer/Xcode/DerivedData/Launchpad_Back-beilzzhljvfrasdrlnvmjuxllbdr/Build/Intermediates.noindex/Launchpad_Back.build/Release/Launchpad_Back.build/Launchpad_Back-project-headers.hmap -Xcc -I/Users/mac/Library/Developer/Xcode/DerivedData/Launchpad_Back-beilzzhljvfrasdrlnvmjuxllbdr/Build/Products/Release/include -Xcc -I/Users/mac/Library/Developer/Xcode/DerivedData/Launchpad_Back-beilzzhljvfrasdrlnvmjuxllbdr/Build/Intermediates.noindex/Launchpad_Back.build/Release/Launchpad_Back.build/DerivedSources-normal/arm64 -Xcc -I/Users/mac/Library/Developer/Xcode/DerivedData/Launchpad_Back-beilzzhljvfrasdrlnvmjuxllbdr/Build/Intermediates.noindex/Launchpad_Back.build/Release/Launchpad_Back.build/DerivedSources/arm64 -Xcc -I/Users/mac/Library/Developer/Xcode/DerivedData/Launchpad_Back-beilzzhljvfrasdrlnvmjuxllbdr/Build/Intermediates.noindex/Launchpad_Back.build/Release/Launchpad_Back.build/DerivedSources -emit-objc-header -emit-objc-header-path /Users/mac/Library/Developer/Xcode/DerivedData/Launchpad_Back-beilzzhljvfrasdrlnvmjuxllbdr/Build/Intermediates.noindex/Launchpad_Back.build/Release/Launchpad_Back.build/Objects-normal/arm64/Launchpad_Back-Swift.h -working-directory /Users/mac/Downloads/Launchpad_Back -no-emit-module-separately-wmo

LinkAssetCatalog /Users/mac/Downloads/Launchpad_Back/Launchpad_Back/Assets.xcassets (in target 'Launchpad_Back' from project 'Launchpad_Back')
    cd /Users/mac/Downloads/Launchpad_Back
    builtin-linkAssetCatalog --thinned /Users/mac/Library/Developer/Xcode/DerivedData/Launchpad_Back-beilzzhljvfrasdrlnvmjuxllbdr/Build/Intermediates.noindex/Launchpad_Back.build/Release/Launchpad_Back.build/assetcatalog_output/thinned --thinned-dependencies /Users/mac/Library/Developer/Xcode/DerivedData/Launchpad_Back-beilzzhljvfrasdrlnvmjuxllbdr/Build/Intermediates.noindex/Launchpad_Back.build/Release/Launchpad_Back.build/assetcatalog_dependencies_thinned --thinned-info-plist-content /Users/mac/Library/Developer/Xcode/DerivedData/Launchpad_Back-beilzzhljvfrasdrlnvmjuxllbdr/Build/Intermediates.noindex/Launchpad_Back.build/Release/Launchpad_Back.build/assetcatalog_generated_info.plist_thinned --unthinned /Users/mac/Library/Developer/Xcode/DerivedData/Launchpad_Back-beilzzhljvfrasdrlnvmjuxllbdr/Build/Intermediates.noindex/Launchpad_Back.build/Release/Launchpad_Back.build/assetcatalog_output/unthinned --unthinned-dependencies /Users/mac/Library/Developer/Xcode/DerivedData/Launchpad_Back-beilzzhljvfrasdrlnvmjuxllbdr/Build/Intermediates.noindex/Launchpad_Back.build/Release/Launchpad_Back.build/assetcatalog_dependencies_unthinned --unthinned-info-plist-content /Users/mac/Library/Developer/Xcode/DerivedData/Launchpad_Back-beilzzhljvfrasdrlnvmjuxllbdr/Build/Intermediates.noindex/Launchpad_Back.build/Release/Launchpad_Back.build/assetcatalog_generated_info.plist_unthinned --output /Users/mac/Library/Developer/Xcode/DerivedData/Launchpad_Back-beilzzhljvfrasdrlnvmjuxllbdr/Build/Products/Release/Launchpad_Back.app/Contents/Resources --plist-output /Users/mac/Library/Developer/Xcode/DerivedData/Launchpad_Back-beilzzhljvfrasdrlnvmjuxllbdr/Build/Intermediates.noindex/Launchpad_Back.build/Release/Launchpad_Back.build/assetcatalog_generated_info.plist
note: Emplaced /Users/mac/Library/Developer/Xcode/DerivedData/Launchpad_Back-beilzzhljvfrasdrlnvmjuxllbdr/Build/Products/Release/Launchpad_Back.app/Contents/Resources/AppIcon.icns (in target 'Launchpad_Back' from project 'Launchpad_Back')
note: Emplaced /Users/mac/Library/Developer/Xcode/DerivedData/Launchpad_Back-beilzzhljvfrasdrlnvmjuxllbdr/Build/Products/Release/Launchpad_Back.app/Contents/Resources/Assets.car (in target 'Launchpad_Back' from project 'Launchpad_Back')

ProcessInfoPlistFile /Users/mac/Library/Developer/Xcode/DerivedData/Launchpad_Back-beilzzhljvfrasdrlnvmjuxllbdr/Build/Products/Release/Launchpad_Back.app/Contents/Info.plist /Users/mac/Library/Developer/Xcode/DerivedData/Launchpad_Back-beilzzhljvfrasdrlnvmjuxllbdr/Build/Intermediates.noindex/Launchpad_Back.build/Release/Launchpad_Back.build/empty-Launchpad_Back.plist (in target 'Launchpad_Back' from project 'Launchpad_Back')
    cd /Users/mac/Downloads/Launchpad_Back
    builtin-infoPlistUtility /Users/mac/Library/Developer/Xcode/DerivedData/Launchpad_Back-beilzzhljvfrasdrlnvmjuxllbdr/Build/Intermediates.noindex/Launchpad_Back.build/Release/Launchpad_Back.build/empty-Launchpad_Back.plist -producttype com.apple.product-type.application -genpkginfo /Users/mac/Library/Developer/Xcode/DerivedData/Launchpad_Back-beilzzhljvfrasdrlnvmjuxllbdr/Build/Products/Release/Launchpad_Back.app/Contents/PkgInfo -expandbuildsettings -platform macosx -additionalcontentfile /Users/mac/Library/Developer/Xcode/DerivedData/Launchpad_Back-beilzzhljvfrasdrlnvmjuxllbdr/Build/Intermediates.noindex/Launchpad_Back.build/Release/Launchpad_Back.build/assetcatalog_generated_info.plist -o /Users/mac/Library/Developer/Xcode/DerivedData/Launchpad_Back-beilzzhljvfrasdrlnvmjuxllbdr/Build/Products/Release/Launchpad_Back.app/Contents/Info.plist

** BUILD FAILED **


The following build commands failed:
	CompileSwift normal arm64 (in target 'Launchpad_Back' from project 'Launchpad_Back')
	SwiftCompile normal arm64 Compiling\ AppItem.swift,\ AppIconCache.swift,\ AppIconResolver.swift,\ AppLauncherService.swift,\ AppScannerService.swift,\ DisplayManager.swift,\ GestureManager.swift,\ GridLayoutManager.swift,\ GridScreenLayout.swift,\ HotKeyManager.swift,\ KeyboardEventManager.swift,\ Logger.swift,\ PinchGestureRecognizer.swift,\ SwipeGestureRecognizer.swift,\ UserPreferences.swift,\ EditModeManager.swift,\ LaunchpadViewModel.swift,\ PaginationViewModel.swift,\ SearchViewModel.swift,\ AppIconView.swift,\ BackgroundView.swift,\ FolderExpandedView.swift,\ HotkeySettingsView.swift,\ PageIndicatorView.swift,\ SearchBarView.swift,\ VerticalScrollView.swift,\ ContentView.swift,\ Launchpad_BackApp.swift,\ GeneratedAssetSymbols.swift /Users/mac/Downloads/Launchpad_Back/Launchpad_Back/Models/AppItem.swift /Users/mac/Downloads/Launchpad_Back/Launchpad_Back/Services/AppIconCache.swift /Users/mac/Downloads/Launchpad_Back/Launchpad_Back/Services/AppIconResolver.swift /Users/mac/Downloads/Launchpad_Back/Launchpad_Back/Services/AppLauncherService.swift /Users/mac/Downloads/Launchpad_Back/Launchpad_Back/Services/AppScannerService.swift /Users/mac/Downloads/Launchpad_Back/Launchpad_Back/Services/DisplayManager.swift /Users/mac/Downloads/Launchpad_Back/Launchpad_Back/Services/GestureManager.swift /Users/mac/Downloads/Launchpad_Back/Launchpad_Back/Services/GridLayoutManager.swift /Users/mac/Downloads/Launchpad_Back/Launchpad_Back/Services/GridScreenLayout.swift /Users/mac/Downloads/Launchpad_Back/Launchpad_Back/Services/HotKeyManager.swift /Users/mac/Downloads/Launchpad_Back/Launchpad_Back/Services/KeyboardEventManager.swift /Users/mac/Downloads/Launchpad_Back/Launchpad_Back/Services/Logger.swift /Users/mac/Downloads/Launchpad_Back/Launchpad_Back/Services/PinchGestureRecognizer.swift /Users/mac/Downloads/Launchpad_Back/Launchpad_Back/Services/SwipeGestureRecognizer.swift /Users/mac/Downloads/Launchpad_Back/Launchpad_Back/Settings/UserPreferences.swift /Users/mac/Downloads/Launchpad_Back/Launchpad_Back/ViewModels/EditModeManager.swift /Users/mac/Downloads/Launchpad_Back/Launchpad_Back/ViewModels/LaunchpadViewModel.swift /Users/mac/Downloads/Launchpad_Back/Launchpad_Back/ViewModels/PaginationViewModel.swift /Users/mac/Downloads/Launchpad_Back/Launchpad_Back/ViewModels/SearchViewModel.swift /Users/mac/Downloads/Launchpad_Back/Launchpad_Back/Views/AppIconView.swift /Users/mac/Downloads/Launchpad_Back/Launchpad_Back/Views/BackgroundView.swift /Users/mac/Downloads/Launchpad_Back/Launchpad_Back/Views/FolderExpandedView.swift /Users/mac/Downloads/Launchpad_Back/Launchpad_Back/Views/HotkeySettingsView.swift /Users/mac/Downloads/Launchpad_Back/Launchpad_Back/Views/PageIndicatorView.swift /Users/mac/Downloads/Launchpad_Back/Launchpad_Back/Views/SearchBarView.swift /Users/mac/Downloads/Launchpad_Back/Launchpad_Back/Views/VerticalScrollView.swift /Users/mac/Downloads/Launchpad_Back/Launchpad_Back/ContentView.swift /Users/mac/Downloads/Launchpad_Back/Launchpad_Back/Launchpad_BackApp.swift /Users/mac/Library/Developer/Xcode/DerivedData/Launchpad_Back-beilzzhljvfrasdrlnvmjuxllbdr/Build/Intermediates.noindex/Launchpad_Back.build/Release/Launchpad_Back.build/DerivedSources/GeneratedAssetSymbols.swift /Applications/Xcode.app/Contents/Developer/Toolchains/XcodeDefault.xctoolchain/usr/lib/swift/macosx/prebuilt-modules/26.5/simd.swiftmodule/arm64e-apple-macos.swiftmodule /Applications/Xcode.app/Contents/Developer/Toolchains/XcodeDefault.xctoolchain/usr/lib/swift/macosx/prebuilt-modules/26.5/_DarwinFoundation3.swiftmodule/arm64e-apple-macos.swiftmodule /Applications/Xcode.app/Contents/Developer/Toolchains/XcodeDefault.xctoolchain/usr/lib/swift/macosx/prebuilt-modules/26.5/CoreText.swiftmodule/arm64e-apple-macos.swiftmodule /Applications/Xcode.app/Contents/Developer/Toolchains/XcodeDefault.xctoolchain/usr/lib/swift/macosx/prebuilt-modules/26.5/CoreFoundation.swiftmodule/arm64e-apple-macos.swiftmodule /Applications/Xcode.app/Contents/Developer/Toolchains/XcodeDefault.xctoolchain/usr/lib/swift/macosx/prebuilt-modules/26.5/Combine.swiftmodule/arm64e-apple-macos.swiftmodule /Applications/Xcode.app/Contents/Developer/Toolchains/XcodeDefault.xctoolchain/usr/lib/swift/macosx/prebuilt-modules/26.5/DataDetection.swiftmodule/arm64e-apple-macos.swiftmodule /Applications/Xcode.app/Contents/Developer/Toolchains/XcodeDefault.xctoolchain/usr/lib/swift/macosx/prebuilt-modules/26.5/CoreImage.swiftmodule/arm64e-apple-macos.swiftmodule /Applications/Xcode.app/Contents/Developer/Toolchains/XcodeDefault.xctoolchain/usr/lib/swift/macosx/prebuilt-modules/26.5/Dispatch.swiftmodule/arm64e-apple-macos.swiftmodule /Applications/Xcode.app/Contents/Developer/Toolchains/XcodeDefault.xctoolchain/usr/lib/swift/macosx/prebuilt-modules/26.5/IOKit.swiftmodule/arm64e-apple-macos.swiftmodule /Applications/Xcode.app/Contents/Developer/Toolchains/XcodeDefault.xctoolchain/usr/lib/swift/macosx/prebuilt-modules/26.5/CoreData.swiftmodule/arm64e-apple-macos.swiftmodule /Applications/Xcode.app/Contents/Developer/Toolchains/XcodeDefault.xctoolchain/usr/lib/swift/macosx/prebuilt-modules/26.5/System.swiftmodule/arm64e-apple-macos.swiftmodule /Applications/Xcode.app/Contents/Developer/Toolchains/XcodeDefault.xctoolchain/usr/lib/swift/macosx/prebuilt-modules/26.5/QuartzCore.swiftmodule/arm64e-apple-macos.swiftmodule /Applications/Xcode.app/Contents/Developer/Toolchains/XcodeDefault.xctoolchain/usr/lib/swift/macosx/prebuilt-modules/26.5/Foundation.swiftmodule/arm64e-apple-macos.swiftmodule /Applications/Xcode.app/Contents/Developer/Toolchains/XcodeDefault.xctoolchain/usr/lib/swift/macosx/prebuilt-modules/26.5/Swift.swiftmodule/arm64e-apple-macos.swiftmodule /Applications/Xcode.app/Contents/Developer/Toolchains/XcodeDefault.xctoolchain/usr/lib/swift/macosx/prebuilt-modules/26.5/XPC.swiftmodule/arm64e-apple-macos.swiftmodule /Applications/Xcode.app/Contents/Developer/Toolchains/XcodeDefault.xctoolchain/usr/lib/swift/macosx/prebuilt-modules/26.5/OSLog.swiftmodule/arm64e-apple-macos.swiftmodule /Applications/Xcode.app/Contents/Developer/Toolchains/XcodeDefault.xctoolchain/usr/lib/swift/macosx/prebuilt-modules/26.5/SwiftUICore.swiftmodule/arm64e-apple-macos.swiftmodule /Applications/Xcode.app/Contents/Developer/Toolchains/XcodeDefault.xctoolchain/usr/lib/swift/macosx/prebuilt-modules/26.5/UniformTypeIdentifiers.swiftmodule/arm64e-apple-macos.swiftmodule /Applications/Xcode.app/Contents/Developer/Toolchains/XcodeDefault.xctoolchain/usr/lib/swift/macosx/prebuilt-modules/26.5/DeveloperToolsSupport.swiftmodule/arm64e-apple-macos.swiftmodule /Applications/Xcode.app/Contents/Developer/Toolchains/XcodeDefault.xctoolchain/usr/lib/swift/macosx/prebuilt-modules/26.5/SwiftUI.swiftmodule/arm64e-apple-macos.swiftmodule /Applications/Xcode.app/Contents/Developer/Toolchains/XcodeDefault.xctoolchain/usr/lib/swift/macosx/prebuilt-modules/26.5/CoreTransferable.swiftmodule/arm64e-apple-macos.swiftmodule /Applications/Xcode.app/Contents/Developer/Toolchains/XcodeDefault.xctoolchain/usr/lib/swift/macosx/prebuilt-modules/26.5/Metal.swiftmodule/arm64e-apple-macos.swiftmodule /Applications/Xcode.app/Contents/Developer/Toolchains/XcodeDefault.xctoolchain/usr/lib/swift/macosx/prebuilt-modules/26.5/CoreVideo.swiftmodule/arm64e-apple-macos.swiftmodule /Applications/Xcode.app/Contents/Developer/Toolchains/XcodeDefault.xctoolchain/usr/lib/swift/macosx/prebuilt-modules/26.5/ObjectiveC.swiftmodule/arm64e-apple-macos.swiftmodule /Applications/Xcode.app/Contents/Developer/Toolchains/XcodeDefault.xctoolchain/usr/lib/swift/macosx/prebuilt-modules/26.5/_Concurrency.swiftmodule/arm64e-apple-macos.swiftmodule /Applications/Xcode.app/Contents/Developer/Toolchains/XcodeDefault.xctoolchain/usr/lib/swift/macosx/prebuilt-modules/26.5/Observation.swiftmodule/arm64e-apple-macos.swiftmodule /Applications/Xcode.app/Contents/Developer/Toolchains/XcodeDefault.xctoolchain/usr/lib/swift/macosx/prebuilt-modules/26.5/Accessibility.swiftmodule/arm64e-apple-macos.swiftmodule /Applications/Xcode.app/Contents/Developer/Toolchains/XcodeDefault.xctoolchain/usr/lib/swift/macosx/prebuilt-modules/26.5/_DarwinFoundation1.swiftmodule/arm64e-apple-macos.swiftmodule /Applications/Xcode.app/Contents/Developer/Toolchains/XcodeDefault.xctoolchain/usr/lib/swift/macosx/prebuilt-modules/26.5/Symbols.swiftmodule/arm64e-apple-macos.swiftmodule /Applications/Xcode.app/Contents/Developer/Toolchains/XcodeDefault.xctoolchain/usr/lib/swift/macosx/prebuilt-modules/26.5/AppKit.swiftmodule/arm64e-apple-macos.swiftmodule /Applications/Xcode.app/Contents/Developer/Toolchains/XcodeDefault.xctoolchain/usr/lib/swift/macosx/prebuilt-modules/26.5/Darwin.swiftmodule/arm64e-apple-macos.swiftmodule /Applications/Xcode.app/Contents/Developer/Toolchains/XcodeDefault.xctoolchain/usr/lib/swift/macosx/prebuilt-modules/26.5/CoreGraphics.swiftmodule/arm64e-apple-macos.swiftmodule /Applications/Xcode.app/Contents/Developer/Toolchains/XcodeDefault.xctoolchain/usr/lib/swift/macosx/prebuilt-modules/26.5/_Builtin_float.swiftmodule/arm64e-apple-macos.swiftmodule /Applications/Xcode.app/Contents/Developer/Toolchains/XcodeDefault.xctoolchain/usr/lib/swift/macosx/prebuilt-modules/26.5/_DarwinFoundation2.swiftmodule/arm64e-apple-macos.swiftmodule /Applications/Xcode.app/Contents/Developer/Toolchains/XcodeDefault.xctoolchain/usr/lib/swift/macosx/prebuilt-modules/26.5/_StringProcessing.swiftmodule/arm64e-apple-macos.swiftmodule /Applications/Xcode.app/Contents/Developer/Toolchains/XcodeDefault.xctoolchain/usr/lib/swift/macosx/prebuilt-modules/26.5/os.swiftmodule/arm64e-apple-macos.swiftmodule /Applications/Xcode.app/Contents/Developer/Toolchains/XcodeDefault.xctoolchain/usr/lib/swift/macosx/prebuilt-modules/26.5/Spatial.swiftmodule/arm64e-apple-macos.swiftmodule /Users/mac/Library/Developer/Xcode/DerivedData/ModuleCache.noindex/Carbon-8WG7GE6CFETC3CCKOB64XJXFK.pcm /Users/mac/Library/Developer/Xcode/DerivedData/ModuleCache.noindex/_SwiftConcurrencyShims-2BO3MEPJCQEJIQ28I8ZLOKV7C.pcm /Users/mac/Library/Developer/Xcode/DerivedData/ModuleCache.noindex/AppKit-2OQRUPOPPY8Q7Y9SLIRY6QZ1X.pcm /Users/mac/Library/Developer/Xcode/DerivedData/ModuleCache.noindex/os_object-3BESWMU2ZXCKM51Z22Z20ERQC.pcm /Users/mac/Library/Developer/Xcode/DerivedData/ModuleCache.noindex/OpenGL-3GIUXK74V23W0EWAM3N2GQOMT.pcm /Users/mac/Library/Developer/Xcode/DerivedData/ModuleCache.noindex/DeveloperToolsSupport-AEWXQWSFNC7IAQDTV291LQQOQ.pcm /Users/mac/Library/Developer/Xcode/DerivedData/ModuleCache.noindex/CoreFoundation-40C144DPY7AEZP7OU4LT27UBF.pcm /Users/mac/Library/Developer/Xcode/DerivedData/ModuleCache.noindex/DiskArbitration-4N8YQIPQG4M2KHNUOLGMKX6H1.pcm /Users/mac/Library/Developer/Xcode/DerivedData/ModuleCache.noindex/sys_types-3K2EMH1W21NTJAUXQFBSIJJZH.pcm /Users/mac/Library/Developer/Xcode/DerivedData/ModuleCache.noindex/_Builtin_intrinsics-59GUEZ82MJWHZ04ZOB9EHK5L1.pcm /Users/mac/Library/Developer/Xcode/DerivedData/ModuleCache.noindex/CoreData-6OW667VAXCZF9NWPA7P3QJYY2.pcm /Users/mac/Library/Developer/Xcode/DerivedData/ModuleCache.noindex/_Builtin_stddef-3PMHXC0Z6RQ7O6IUWBMMSHU1H.pcm /Users/mac/Library/Developer/Xcode/DerivedData/ModuleCache.noindex/DataDetection-7QOEZHV7FNIJSVK523EOHRMQW.pcm /Users/mac/Library/Developer/Xcode/DerivedData/ModuleCache.noindex/Darwin-5W58SZOXFEU9TE1SRLL0UPVZQ.pcm /Users/mac/Library/Developer/Xcode/DerivedData/ModuleCache.noindex/ptrcheck-60KWOHK6UBJ5WNK48965JLFDL.pcm /Users/mac/Library/Developer/Xcode/DerivedData/ModuleCache.noindex/CoreServices-9JH3YIHEJ16DNZ8CLQTE27SCL.pcm /Users/mac/Library/Developer/Xcode/DerivedData/ModuleCache.noindex/MachO-ETTV16QSTFAXGBUU2038TYR3F.pcm /Users/mac/Library/Developer/Xcode/DerivedData/ModuleCache.noindex/Accessibility-D34JWQRSIMRY0XPGPI8DFJCZS.pcm /Users/mac/Library/Developer/Xcode/DerivedData/ModuleCache.noindex/Foundation-DWP4H22Z6AM7G902VX0YZL4B9.pcm /Users/mac/Library/Developer/Xcode/DerivedData/ModuleCache.noindex/_Builtin_limits-4CJCG87FDKOLV2UO00MGMXJLL.pcm /Users/mac/Library/Developer/Xcode/DerivedData/ModuleCache.noindex/os-D7IUJ13OBK5BYT04Q8NXQNYCA.pcm /Users/mac/Library/Developer/Xcode/DerivedData/ModuleCache.noindex/SwiftUICore-CJVLLZ92KK0B9EZ0X1DQBQURA.pcm /Users/mac/Library/Developer/Xcode/DerivedData/ModuleCache.noindex/_Builtin_stdatomic-4BQCW83JT4X1FUEGXSKZ9AEV.pcm /Users/mac/Library/Developer/Xcode/DerivedData/ModuleCache.noindex/_Builtin_stdint-157NY61B02KVJ1O8YU3B7JPVM.pcm /Users/mac/Library/Developer/Xcode/DerivedData/ModuleCache.noindex/_DarwinFoundation3-38WAJOVJZ60GN25S4X6993Y14.pcm /Users/mac/Library/Developer/Xcode/DerivedData/ModuleCache.noindex/CoreVideo-DSFTHCDPK4SZEG7XD4C9ZAL0L.pcm /Users/mac/Library/Developer/Xcode/DerivedData/ModuleCache.noindex/ObjectiveC-8TYBFL5BIYOALBD7BTR7Q78SD.pcm /Users/mac/Library/Developer/Xcode/DerivedData/ModuleCache.noindex/CoreGraphics-15TFFSQGBDQEG91A35B4YTD1T.pcm /Users/mac/Library/Developer/Xcode/DerivedData/ModuleCache.noindex/libkern-CIW4NUP970RKAMOM6T9UBXZSF.pcm /Users/mac/Library/Developer/Xcode/DerivedData/ModuleCache.noindex/OSLog-EFBC44RC8SXPNIKX9M0TOW7K3.pcm /Users/mac/Library/Developer/Xcode/DerivedData/ModuleCache.noindex/IOSurface-6UT0WYZZKDBVU9RAI4BGYIQ8Z.pcm /Users/mac/Library/Developer/Xcode/DerivedData/ModuleCache.noindex/CoreTransferable-8HM1SV9RFMK7C1IQRKUC5S811.pcm /Users/mac/Library/Developer/Xcode/DerivedData/ModuleCache.noindex/_Builtin_inttypes-BTMEPWCDIDCDTNK63A09WW2NA.pcm /Users/mac/Library/Developer/Xcode/DerivedData/ModuleCache.noindex/SwiftShims-5J2L6YQAD84VTM75C1A81TX8.pcm /Users/mac/Library/Developer/Xcode/DerivedData/ModuleCache.noindex/_DarwinFoundation1-94SYHI17LX3FBW36BA63Z7WAK.pcm /Users/mac/Library/Developer/Xcode/DerivedData/ModuleCache.noindex/Spatial-A591IUAZBOH4STMO87XHHCRPR.pcm /Users/mac/Library/Developer/Xcode/DerivedData/ModuleCache.noindex/_Builtin_stdbool-DUH491QU0U3BC3CF1YVL38BLE.pcm /Users/mac/Library/Developer/Xcode/DerivedData/ModuleCache.noindex/Metal-1ZZM6EOCDH1WIZ97NV40WB130.pcm /Users/mac/Library/Developer/Xcode/DerivedData/ModuleCache.noindex/XPC-E0UKCLYPRJSAZPJ437LEWVT46.pcm /Users/mac/Library/Developer/Xcode/DerivedData/ModuleCache.noindex/ColorSync-H7ICZU511SYUOMCXPUBDYJD6.pcm /Users/mac/Library/Developer/Xcode/DerivedData/ModuleCache.noindex/simd-9J5SWUT699SJBNFOK4DC3DHRX.pcm /Users/mac/Library/Developer/Xcode/DerivedData/ModuleCache.noindex/_Builtin_float-1HCN9QDVJSTJ6PG62C71P9XRK.pcm /Users/mac/Library/Developer/Xcode/DerivedData/ModuleCache.noindex/IOKit-4JWEFOZTB5TP7VSDAITLNMK1Q.pcm /Users/mac/Library/Developer/Xcode/DerivedData/ModuleCache.noindex/UniformTypeIdentifiers-183CMTOXIZ5CH8C1PESYDRBDK.pcm /Users/mac/Library/Developer/Xcode/DerivedData/ModuleCache.noindex/Dispatch-1Y756ZL3QCH7XPJWQWTIOVBP4.pcm /Users/mac/Library/Developer/Xcode/DerivedData/ModuleCache.noindex/CFNetwork-2U7VP7SO8YB16ME2CCDBZXX15.pcm /Users/mac/Library/Developer/Xcode/DerivedData/ModuleCache.noindex/_Builtin_stdarg-555BW6PT37U6QZ1JCEKZ51K7B.pcm /Users/mac/Library/Developer/Xcode/DerivedData/ModuleCache.noindex/SwiftUI-DBICWV0TKROS7AADZPR6X284B.pcm /Users/mac/Library/Developer/Xcode/DerivedData/ModuleCache.noindex/ApplicationServices-55UCF4W8AF3OJSP0ZUGH5G27Y.pcm /Users/mac/Library/Developer/Xcode/DerivedData/ModuleCache.noindex/ImageIO-EJVC6EW3Z113846EZ7JC0LROE.pcm /Users/mac/Library/Developer/Xcode/DerivedData/ModuleCache.noindex/_AvailabilityInternal-E22S5Y91L67Y07SJLQPX6BRPT.pcm /Users/mac/Library/Developer/Xcode/DerivedData/ModuleCache.noindex/Security-AMDTMR3021H2AYXSV2F0CXNT3.pcm /Users/mac/Library/Developer/Xcode/DerivedData/ModuleCache.noindex/CoreImage-B35IZ7VKD4JEQLI723GSTJOT.pcm /Users/mac/Library/Developer/Xcode/DerivedData/ModuleCache.noindex/_Builtin_tgmath-5SGNPC0TPRCZQ6P77PKOZBMX1.pcm /Users/mac/Library/Developer/Xcode/DerivedData/ModuleCache.noindex/CoreText-CBWW5JNGV1YTLYFJ1N54D4L44.pcm /Users/mac/Library/Developer/Xcode/DerivedData/ModuleCache.noindex/_DarwinFoundation2-3PFETXGRK8YMA1VBXQTNNDXII.pcm /Users/mac/Library/Developer/Xcode/DerivedData/ModuleCache.noindex/libDER-BKY619P8Y7HH38PJUT9YX2RFF.pcm /Users/mac/Library/Developer/Xcode/DerivedData/ModuleCache.noindex/os_workgroup-DP60BND0NGIW0HI8S07CSFJKY.pcm /Users/mac/Library/Developer/Xcode/DerivedData/ModuleCache.noindex/Symbols-QN04CTQDTUKZK4ZXSM2YG22G.pcm /Users/mac/Library/Developer/Xcode/DerivedData/ModuleCache.noindex/ptrauth-4QI5EP6R85UIC37SZIE20YDSC.pcm /Users/mac/Library/Developer/Xcode/DerivedData/ModuleCache.noindex/CUPS-CUQXWJK3PMA0BBKRIRALNHO0R.pcm /Users/mac/Library/Developer/Xcode/DerivedData/ModuleCache.noindex/launch-8T1V8NJAV3IGF7FBUZOPVQ8E0.pcm /Users/mac/Library/Developer/Xcode/DerivedData/ModuleCache.noindex/QuartzCore-DH3PCV7PQJ4YORILY32IRL97V.pcm /Users/mac/Library/Developer/Xcode/DerivedData/Launchpad_Back-beilzzhljvfrasdrlnvmjuxllbdr/Build/Intermediates.noindex/Launchpad_Back.build/Release/Launchpad_Back.build/Objects-normal/arm64/Launchpad_Back-dependencies-1.json (in target 'Launchpad_Back' from project 'Launchpad_Back')
	Building project Launchpad_Back with scheme Launchpad_Back and configuration Release
(3 failures)
